№ по ред,"Идентификационен № / Партиден №
НКР ",Концесионер,Находище,Община,Област,Група подземно богатство,Вид на подземното богатство,Срок на концесията,Дата на подписане на концесионния договор,Дата на влизане в сила на концесионния договор,Решение на  Министерски   /Общински съвет № 
1,216-343,"""Мин Индъстри"" ЕООД, гр. Перник","""Пернишки въглищен басейн"", у-к ""Стара Тева""",Перник,Перник,Твърди горива,Кафяви въглища,10 г.,10.01.2025 г.,Съгласно договора,865/13.12.2024 г.
2,216-328,"""Минна компания"" ЕООД, гр. София","Алдомировски въглищен басейн, участък ""Радуловци""",Сливница,Софийска област,Твърди горива,Лигнитни въглища,29 г.,09.09.2024 г.,Съгласно договора,541/06.08.2018 г.
3,216-309,"""Каолин"" ЕАД, гр. Сеново","Саръгьол, у-к ""Саръгьол, гнезда 15 и 16""",Каолиново,Шумен,Неметални полезни изкопаеми - индустриални минерали,Каолинова суровина ,35 г.,02.04.2024 г.,Съгласно договора,43/23.01.2024 г.
4,216-308,"""Темос-ГМ"" ЕООД, гр. София","Дервен, у-к ""Юг""",Аврен,Варна,Неметални полезни изкопаеми - индустриални минерали,Кварцови пясъци,35 г.,28.03.2024 г.,Съгласно договора,42/23.01.2024 г.
5,216-306,"""Запрянови - 03"" ООД, гр. Асеновград","Делчевото - 2, у-к ""Делчевото - 2 юг""",Асеновград,Пловдив,Неметални полезни изкопаеми - индустриални минерали,Мрамори,35 г.,26.03.2024 г.,Съгласно договора,863/02.11.2022 г.
6,216-280,"""Булстоун"" ООД, гр. Варна",Коларци,Тервел,Добрич,Скално-облицовъчни материали,Варовици,35 г.,10.10.2023 г.,Съгласно договора,425/05.06.2023 г.
7,216-275,"""Катерина-Г и М"" ЕООД, гр. Вълчедръм","Вела, участък ""Север"" и участък ""Юг""",Вълчедръм,Монтана,Строителни материали,Пясъци и чакъли,35 г.,11.09.2023 г.,25.09.2023 г.,50/23.01.2023 г.
8,216-261,"""Европът 2005"" ООД, гр. Хасково",Янаклъка,Димитровград,Хасково,Строителни материали,Доломитни мрамори,35 г.,04.08.2023 г.,15.08.2023 г.,426/05.06.2023 г.
9,216-259,"""Геоцвет"" ЕООД, гр. Ловеч",Ясака,Угърчин,Ловеч,Строителни материали,Варовици,35 г.,19.07.2023 г.,01.08.2023 г.,1005/14.12.2022 г.
10,216-258,"""Хемус - М"" АД, гр. Мездра","Царевец, у-ци ""Запад-2007 (Искър)"", ""Централен-2007"" и ""Царевец 2-2007""",Мездра,Враца,Скално-облицовъчни материали,Варовици,30 г.,19.07.2023 г.,28.05.2024 г.,1003/14.12.2022 г.
11,216-256,"""Ескана"" АД, гр. Варна",Градец-2,Котел,Сливен,Скално-облицовъчни материали,Аркозни пясъчници,35 г.,06.07.2023 г.,01.09.2023 г.,59/25.01.2023 г.
12,216-251,"""Холсим България"" АД, с. Бели извор","Марудниците, участък ""Марудниците-запад""",Столична,София,Строителни материали,Пясъци и чакъли,35 г.,30.06.2023 г.,27.03.2024 г.,1007/14.12.2022 г.
13,216-229,"""Еко-Хидро-90"" ООД, гр. Пазарджик",Конаговски чал,Пазарджик,Пазарджик,Строителни материали,Мраморизирани варовици,25 г.,10.04.2023 г.,19.04.2023 г.,58/25.01.2023 г.
14,216-225,"ЕТ ""Кафадарци-Елхан Кафадаров"", с. Плетена",Бистрица,Сатовча,Благоевград,Скално-облицовъчни материали,Амфиболити и гнайси,35 г.,06.03.2023 г.,15.03.2023 г.,1002/14.12.2022 г.
15,216-224,"""Булмекс"" ЕООД, с. Бутан",Джулиница,Козлодуй,Враца,Строителни материали,Пясъци и чакъли,35 г.,06.03.2023 г.,16.03.2023 г.,1004/14.12.2022 г.
16,216-223,"""ФНС"" ООД, гр. Мездра",Бешовица,Роман,Враца,Скално-облицовъчни материали,Пясъчници,35 г.,06.03.2023 г.,17.03.2023 г.,1001/14.12.2022 г.
17,216-206,"""СМС - Родопи"" ООД, с. Железино","Бойчовата круша, участъци ""Бойчовата круша - изток"" и ""Бойчовата круша - запад",Ивайловград,Хасково,Скално-облицовъчни материали,Гнайсошисти,35 г.,17.01.2023 г.,03.02.2023 г.,60/20.01.2017 г.; 1006/14.12.2022 г.
18,216-126,"""Еко-Хидро-90"" ООД, гр. Пазарджик",Орешака,Пазарджик,Пазарджик,Строителни материали,Пясъци и чаклъли,35 г.,15.10.2021 г.,Съгласно договора,387/23.04.2021 г.
19,216-130,"""Имвар"" ООД, гр. София",Идилево,Севлиево,Габрово,Строителни материали,Варовици и алевролити,35 г.,12.08.2021 г.,26.10.2001 г.,953/22.12.2020 г.
20,216-129,"""Бургаспътстрой"" АД, гр. Бургас",Айтос,Айтос,Бургас,Строителни материали,Пепелни туфи и туфити,35 г.,04.08.2021 г.,17.01.1997 г.,816/28.12.2017 г.
21,216-131,"""Илинда"" ЕООД, с. Марчево",Беслен,Хаджидимово,Благоевград,Скално-облицовъчни материали,Амфиболитови гнайси,35 г.,15.07.2021 г.,Съгласно договора,342/14.04.2021 г.
22,216-127,"""Щрабаг"" ЕАД, гр. София","Пери-2, у-ци ""Запад"" и ""Изток""",Перник,Перник,Строителни материали,Доломити,35 г.,15.07.2021 г.,Съгласно договора,114/12.02.2021 г.
23,216-128,"""КЦМ 2000"" АД, гр. Пловдив",Цар Асен - 2,Пазарджик,Пазарджик,Метални полезни изкопаеми,Медни руди,30 г.,12.07.2021 г.,Съгласно договора,248/19.03.2021 г.
24,216-132,"""МЛ - Консулт - 2009"" ЕООД, гр. Плевен",Феникс,Искър,Плевен,Строителни материали ,Пясък и чакъл,35 г.,12.07.2021 г.,21.07.2021 г.,341/14.04.2021 г.
25,216-125,"""Автомагистрали - Черно море"" АД, гр. Шумен",Хитрино - 3,Хитрино,Шумен,Строителни материали,Варовици,35 г.,16.06.2021 г.,24.06.2021 г.,148/22.02.2021 г.
26,216-123,"""Дес-М"" ООД, с. Крушево","Раденка, у-ци ""Урвата"", ""Лозята"" и ""Кавака""",Гърмен,Благоевград,Скално-облицовъчни материали,Гнайси,35 г.,09.04.2021 г.,28.04.2021 г.,975/31.12.2020 г.
27,216-124,"""Пътища М"" ЕООД, гр. Монтана ","Лемище, у-к ""Лемище - изток"" и у-к ""Лемище - запад""",Бойчиновци,Монтана,Строителни материали,Пясъци и чакъли,35 г.,18.03.2021 г.,29.03.2021 г.,926/15.12.2020 г.
28,216-122,"""Тот - 8"" ЕООД, гр. Ябланица",Кайметлий,Пазарджик,Пазарджик,Строителни материали,Пясъци и чакъли,25 г.,13.01.2021 г.,27.01.2021 г.,667/25.09.2020 г.
29,D - 00860,"""Пътища и мостове"" ЕООД, гр. Провадия",Суворово - 2,Суворово,Варна,Строителни материали,Варовици,35 г.,07.01.2021 г.,Съгласно договора,370/08.06.2020 г.
30,D-000861,"""Барс"" АД гр. Шумен",Ламбурлука,Смядово,Шумен,Строителни материали,Варовици,21 г.,07.01.2021 г.,19.01.2021 г.,480/1307.2020 г.
31,D-000858,"""Хидрострой"" АД, гр. София",Козя поляна,Дългопол,Варна,Строителни материали,Варовици,35 г.,09.12.2020 г.,18.12.2020 г.,600/27.08.2020 г.
32,D-000845,"""Тони Тодоров"" ООД, гр. Перник",Кубрат,Никопол,Плевен,Строителни материали,Варовици,35 г.,02.10.2020 г.,15.10.2020 г.,479/13.07.2020 г.
33,D-000841,"""Ягуар-02"" ЕООД, гр. Ихтиман",Камъка,Ихтиман,Софийска област,Строителни материали,Гнайсгранити,35 г.,02.09.2020 г.,15.09.2020 г.,371/08.06.2020 г.
34,D-000843,"""Ватия Кварц"" АД, гр. София","Блян, у-к ""VII"", у-к ""I"", у-к ""III"", у-к ""IV и V""",Ветово,Русе,Неметални полезни изкопаеми - индустриални минерали,Каолиова суровина и кварцов пясък в каолиновата суровина,35 г.,01.09.2020 г.,15.09.2020 г.,519/24.07.2020 г.
35,D-000842,"""Гугуланови"" ООД, гр. Кърджали","Чинка - 2, у-ци ""Чинка - 2 запад"" и ""Чинка - 2 изток""",Крумовград,Кърджали,Скално-облицовъчни материали,Варовици,35 г.,26.08.2020 г.,08.09.2020 г.,266/21.04.2020 г.
36,D-000840,"""Креди"" ЕООД, гр. Монтана","Доктор Йосифово"", у-к ""Север""",Монтана,Монтана,Неметални полезни изкопаеми - индустриални минерали,Кварцови пясъци,35 г.,11.08.2020 г. ,24.08.2020 г.,372/08.06.2020 г.
37,D-000844,"""Агрострой 07"" ООД, гр. Първомай","Дрянка, у-ци ""Дрянка-запад"" и ""Дрянка-център""",Първомай,Пловдив,Строителни материали,Пясъци и чакъли (баластра),35 г.,06.08.2020 г.,21.08.2020 г.,832/31.12.2019 г.
38,D-000839,"""Гнайс и Ко"" ООД, гр. Ивайловград",Покрован,Ивайлоград,Хасково,Скално-облицовъчни материали,Гнайси,35 г.,03.08.2020 г.,Съгласно договора,220/19.04.2019 г.
39,D-000838,"""Геотул"" ЕООД, гр. София",Плаки,Ивайловград,Хасково,Скално-облицовъчни материали,Гнайси,35 г.,14.07.2020 г.,20.07.2020 г.,574/13.08.2018 г.
40,D-000833,"""Фемили - Филибиев - С-ие"" ООД, гр. София",Умата,Гърмен,Благоевград,Скално-облицовъчни материали,Гнайси,25 г.,28.04.2020 г. ,18.05.2020 г.,810/27.12.2019 г.
41,D-000828,"""Стоун Филс"" ООД, с. Гърмен","Ореше, у-ци ""Северен"" и ""Южен""",Гърмен,Благоевград,Скално-облицовъчни материали,Гнайси,30 г.,28.04.2020 г. ,18.05.2020 г.,690/21.11.2019 г.
42,D-000827,"""Трон"" ЕООД, с. Дунавци",Мечта,Казанлък,Стара Загора,Строителни материали,Пясъци и чакъли,25 г.,13.04.2020 г.,30.04.2020 г.,16/13.01.2020 г.
43,D-000826,"""Автомагистрали - Черно море"" АД, гр. Шумен",Хитрино-4,Хитрино,Шумен,Строителни материали,Варовици,35 г.,21.04.2020 г.,30.04.2020 г.,768/18.12.2020 г.
44,D-000814,"""Огнеупорни глини"" АД, гр. Плевен",Гарговското,Долна Митрополия,Плевен,Строителни материали,Пясъци и чакъли,35 г.,10.01.2020 г.,16.01.2020 г.,484/06.08.2019 г.
45,D-000815,"""Симекс"" ЕООД, гр. Криводол","Дълбоки дол, у-ци ""Мишовец"" и ""Синия бряг""",Бяла Слатина,Враца,Неметални полезни изкопаеми - индустриални минерали,Глауконитова суровина,35 г.,06.01.2020 г.,20.01.2020 г.,518/27.08.2019 г.
46,D-000810,"""Ескана"" АД, гр. Варна",Старо Оряхово 3,Долни Чифлик,Варна,Строителни материали,Пясъци,35 г.,10.12.2019 г.,20.12.2019 г.,483/06.08.2019 г.
47,D-000808,"""Ватия Кварц"" АД, гр. София","Златен дол, у-к ""II"" и у-к ""III""",Ветово,Русе,Неметални полезни изкопаеми - индустриални минерали,Каолиова суровина и кварцов пясък в каолиновата суровина,35 г.,04.12.2019 г.,18.12.2019 г.,544/18.09.2019 г.
48,D-000797,"""Председник"" ООД, с. Згориград, община Враца",Требежа,Мездра,Враца,Скално-облицовъчни материали,Варовици,35 г.,16.09.2019 г.,16.09.2019 г.,454/30.07.2019 г.
49,D-000798,"""Маронас"" ООД, гр. Враца",Енджи-север,Мездра,Враца,Скално-облицовъчни материали,Варовици,35 г.,09.09.2019 г.,12.09.2019 г.,213/18.04.2019 г.
50,D-000796,"""Монолит - 21 - Андонов и Захов"" ООД, гр. Сандански",Пиринковец,Сандански,Благоевград,Строителни материали,Пясъци и чакъли,35 г.,27.08.2019 г.,27.08.2019 г.,32/13.01.2017 г.
51,D-000795,"""Пътища и мостове"" ЕООД, гр. Провадия",Шафкаалан,Аврен,Варна,Строителни материали,Пясъци,35 г.,30.07.2019 г.,05.08.2019 г.,478/09.07.2018 г.
52,D-000794,"ЕТ ""Алекс-Ко-Александър Койчев"", гр. София","Свети Георги, участък ""Изток"" и участък ""Запад""",Свиленград,Хасково,Скално-облицовъчни материали,Кавернозни варовици,35 г.,11.07.2019 г.,16.07.2019 г.,966/30.12.2011 г.
53,D-000792,"""Милдет Шишков - ЗСНМ"" ЕООД, с. Крибул",Скрибин,Сатовча,Благоевград,Скално-облицовъчни материали,Гнайси,35 г.,19.06.2019 г.,25.06.2019 г.,904/11.12.2018 г.
54,D-000791,"""Пътна компания"" ЕАД, гр. София","Лома-1, участъци ""Североизток"" и ""Югозапад""","Ружинци, Димово",Видин,Строителни материали,Варовици,35 г.,15.03.2019 г.,20.03.2019 г.,426/26.06.2018 г.
55,D-000790,"""Прохорово Майнинг"" АД, гр. София","Прохорово, участък ""Прохорово""","Тунджа, Нова Загора","Ямбол, Сливен",Метални полезни изкопаеми,Медни руди,35 г.,22.02.2019 г.,12.03.2019 г.,540/06.08.2018 г.
56,D-000789,"""Голдън Фийлд"" ООД, гр. Шумен",Каменица,Каспичан,Шумен,Строителни материали,Варовици,35 г.,22.02.2019 г.,05.03.2019 г.,628/31.08.2018 г.
57,D-000788,"""Маронас"" ООД, гр. Враца","Енджи-юг, участък ""Запад"" и участък ""Север""",Мездра,Враца,Скално-облицовъчни материали,Варовици,35 г.,14.02.2019 г.,19.02.2019 г.,425/26.06.2018 г.
58,D-000787,"""Кралтрейс"" ООД, гр. Враца",Касибо,Враца,Враца,Строителни материали,Варовици,35 г.,29.01.2019 г. ,01.02.2019 г.,226/12.04.2018 г.
59,D-000786,"""Каолин"" ЕАД, гр. Сеново","Балабана, участък ""Източно гнездо"" и участък ""Западно гнездо""",Дулово,Силистра,Неметални полезни изкопаеми - индустриални минерали,Кварц-каолинова суровина,35 г.,29.11.2018 г.,23.07.2020 г.,477/09.07.2018 г.
60,D-000785,"""Пътперфект - Т"" ЕАД, гр. Силистра",Правда,Дулово,Силистра,Строителни материали,Варовици,35 г.,28.11.2018 г.,30.11.2018 г.,225/12.04.2018 г.
61,D-000783,"""Базалт България"" ООД, гр. София","Станчова могила, участък ""Северен"" и участък ""Южен""","Сухиндол, Павликени",Велико Търново,Строителни материали,Варовици и базалтоиди,25 г.,01.10.2018 г.,05.10.2018 г.,227/12.04.2018 г.
62,D-000769,"""Пътища и мостове"" ЕООД, гр. Провадия",Капу баир,"Дългопол, Руен","Варна, Бургас",Строителни материали ,Варовици,35 г.,29.08.2018 г.,03.02.1999 г.,322/11.05.2018 г.
63,D-000782,"""Токсан"" ООД, гр. Враца","Кошарите, у-к ""Запад""",Мездра,Враца,Скално-облицовъчни материали,Варовици,35 г.,22.08.2018 г.,28.08.2018 г.,218/21.04.2017 г.
64,D-000768,"""Темос-ГМ"" ЕООД, гр. София","Дервент, участък ""Север"" и участък ""Запад""",Аврен,Варна,Неметални полезни изкопаеми - индустриални минерали,Кварцови пясъци,35 г.,18.07.2018 г.,18.07.2018 г.,98/16.02.2018 г.
65,D-000767,"""Рок 2023"" ЕООД, гр. София",Белите камъни,Суворово,Варна,Строителни материали,Варовици,35 г.,11.07.2018 г.,17.07.2018 г.,749/30.11.2017 г.
66,D-000766,"""Евробент"" ЕООД, гр. София","Ралица, ""Участък 1"" и ""Участък 2""",Кърджали,Кърджали,Неметални полезни изкопаеми - индустриални минерали,Бентонитови глини и зеолити,35 г.,03.05.2018 г.,10.05.2018 г.,92/26.01.2017 г.
67,D-000758,"""АС-Стоунс"" ООД, гр. Пловдив","Кереч Търла, участъци ""Кереч Търла - запад"", ""Кереч Търла - изток""","Стара Загора, Николаево",Стара Загора,Строителни материали,Варовици и доломити,25 г.,18.04.2018 г.,18.04.2018 г.,681/07.09.2015 г.
68,D-000754,"""Благоустройствени строежи"" ЕООД, гр. Бургас",Банево,Бургас,Бургас,Строителни материали ,Вулканити (андезити и андезитови туфи),35 г.,21.03.2018 г.,15.03.1999 г.,820/29.12.2017 г.
69,D-000753,"""Йотов Стоун"" ЕАД, гр. Мездра","Равнище - 2, у-ци ""Централен"" и ""Източен""",Мездра,Враца,Скално-облицовъчни материали,Варовици,35 г.,18.01.2018 г.,25.01.2018 г.,728/27.11.2017 г.
70,D-000748,"""Мин Инвест"" ЕООД, с. Боров дол",Боров дол,Твърдица,Сливен,Твърди горива,Нефтошисти,35 г.,09.01.2018 г.,12.01.2018 г.,612/16.10.2017 г.
71,D-000744,"""Кичера-2007"" ЕАД, с. Вълчек",Пладнището,Макреш,Видин,Строителни материали,Варовици,35 г.,16.08.2017 г.,22.08.2017 г.,91/26.01.2017 г.
72,D-000745,"""Горубсо-Кърджали"" АД, гр. Кърджали","Седефче, участъци ""Централен"" и ""Южен""",Момчилград,Кърджали,Метални полезни изкопаеми,Златно-сребърни руди,26 г.,09.08.2017 г.,17.08.2017 г.,64/20.01.2017 г.
73,D-000743,"""МЛ-Консулт-2009""ЕООД, гр. Плевен",Пладнището,Искър,Плевен,Строителни материали,Пясък и чакъл,25 г.,25.07.2017 г.,31.07.2017 г.,217/21.04.2017 г.
74,D-000742,"""Виа 2000"" ООД, гр. София ",Чешлия,Момчилград,Кърджали,Строителни материали,Андезитобазалти,35 г.,24.04.2017 г.,28.04.2017 г.,494/20.06.2016 г.
75,D-000741,"""МИ - 2"" ООД, гр. Кърджали",Дорис,Момчилград,Кърджали,Строителни материали,Андезитобазалти,35 г.,19.04.2017 г.,25.04.2017 г.,493/20.06.2016 г.
76,D-000740,"""Гугуланови"" ООД, гр. Кърджали","Сулица-1, у-к ""Сулица-1-Юг"" и у-к ""Сулица-1-Север""",Момчилград,Кърджали,Скално-облицовъчни материали,Туфи,35 г.,12.04.2017 г.,19.04.2017 г.,59/20.01.2017 г.
77,D-000736,"""Бургаспътстрой"" АД, гр. Бургас",Карнобат (Средния Кайряк),Карнобат,Бургас,Строителни материали,Андезитови туфи,35 г.,03.04.2017 г.,17.01.1997 г. - датата на прехвърляне на собствеността на акциите,1051/09.12.2016 г.
78,D-000739,"""Успех"" АД, гр. София","Станчов връх, участък ""Лита""",Луковит,Ловеч,Строителни материали,Мергелни глини,35 г.,31.03.2017 г.,07.04.2017 г.,428/26.05.2016 г.
79,D-000738,"""Лонгоз 04"" ООД, гр. Варна","Чаирите, участък ""Северен 2008""",Аврен,Варна,Строителни материали,Пясъци,30 г.,30.03.2017 г.,08.07.2014 г.,545/04.07.2016 г.
80,D-000737,"""Креди"" ЕООД, гр. Монтана",Селска река,Монтана,Монтана,Неметални полезни изкопаеми - индустриални минерали,Органогенни варовици,35 г.,29.03.2017 г.,05.04.2017 г.,945/10.11.2016 г.
81,D-000734,"""Анатолий Иванов - 66"" ЕООД, гр. Червен бряг","Девенци, участък ""Източен"" и участък ""Западен""",Червен бряг,Плевен,Строителни материали,Строителни материали,25 г.,26.01.2017 г.,03.02.2017 г.,1067/15.12.2016 г.
82,D-000733,"ЕТ ""Инерт-94-Цветелин Петров"", гр. София",Антената,Столична,София /столица/,Строителни материали,Строителни материали,35 г.,28.12.2016 г.,Съгласно договора,218/29.03.2016 г.
83,D-000723,"ЕТ ""Алекс-Ко-Александър Койчев"", гр. София","Голия връх, участък ""Запад""",Мездра,Враца,Скално-облицовъчни материали,Варовик,35 г.,21.12.2016 г.,31.01.2018 г.,243/04.04.2016 г.
84,D-000720,"""Рок 2023"" ЕООД, гр. София",Сухата скала,Суворово,Варна,Строителни материали,Варовици,35 г.,12.12.2016 г.,16.12.2016 г.,660/08.08.2016 г.
85,D-000722,"""Проекти XXI"" ЕООД, гр. Джебел",Атара,Джебел,Кърджали,Строителни материали,Базалти,30 г.,09.12.2016 г.,16.12.2016 г.,425/26.05.2016 г.
86,D-000718,"""Камико"" ООД, гр. София",Локорско,Столична,София,Строителни материали,Вулкански туфи (трахиандезити),25 г.,08.12.2016 г.,08.12.2016 г.,747/17.09.2009 г.
87,D-000719,"""Сакарела Мрамор и Гранит"" ООД, Елхово","Гранитово, участък ""Гранитово-Централен""",Елхово,Ямбол,Скално-облицовъчни материали,Гранодиорити,25 г.,07.12.2016 г.,14.12.2016 г.,427/26.05.2016 г.
88,D-000720,"""Билдинг-Зах"" ЕООД, гр. Бургас",Сазлъка,Сунгурларе,Бургас,Строителни материали,Пясъци и чакъли,35 г.,06.12.2016 г. ,14.12.2016 г.,544/04.07.2016 г.
89,D-000717,"""Каолин"" ЕАД, гр. Сеново","Колобър, участък ""Първи"" и участък ""Втори""",Дулово,Силистра,Неметални полезни изкопаеми - индустриални минерали,Кварц-каолинова суровина,35 г.,02.11.2016 г.,20.09.2018 г.,132/26.02.2016 г.
90,D-000714,"""Илинденски мрамор"" ООД, гр. София","Илинденци, участък ""Централен-1""",Струмяни,Благоевград,Скално-облицовъчни материали,Мрамори,35 г.,01.09.2016 г.,08.09.2016 г.,22/19.01.2016 г.
91,D-000716,"""Аркус - Строй"" ЕАД, гр. Велико Търново",Попенец,"Лясковец, Горна Оряховица",Велико Търново,Строителни материали,Пясъци и чакъли,15 г.,22.08.2016 г.,29.08.2016 г.,282/18.04.2016 г.
92,D-000712,"""Илинденци - Мрамор"" АД, с. Илинденци",Галчово гнездо,Струмяни,Благоевград,Строителни материали,Мрамори,25 г.,21.07.2016 г.,07.08.2017 г.,08/08.01.2016 г.
93,D-000725,"""Водно стопанство 2000"" ЕООД, гр. Плевен",Бялата скала,Плевен,Плевен,Строителни материали,Варовици,25 г.,13.07.2016 г.,18.07.2016 г.,680/07.09.2015 г.
94,D-000711,"""Андезит"" ООД, гр. Бургас",Роза,Джебел,Кърджали,Скално-облицовъчни материали,"Вулкански туфи""",35 г.,09.06.2016 г.,13.07.2016 г.,7/08.01.2016 г.
95,D-000713,"""Коструктинг"" ООД, гр. София",Ирма,Мездра,Враца,Скално-облицовъчни материали,Варовици,35 г.,25.05.2016 г.,13.01.2017 г.,586/03.08.2015 г.
96,D-000709,"""Динас"" АД, гр. Сливен",Блягорница,Твърдица,Сливен,Скално-облицовъчни материали,Гранодиорити,35 г.,18.05.2016 г.,Съгласно договора,331/27.04.2012 г.
97,D-000707,"""Тайфун - БГ"" ООД, гр. Търговище",Александра,Търговище,Търговище,Строителни материали,Мергелни глини,20 г.,21.04.2016 г.,26.04.2016 г.,21/19.01.2016 г.
98,D-000705,"""Терекс и Ко"" АД, гр. София",Борово,Борово,Русе,Строителни материали,Варовици,35 г.,17.03.2016 г.,20.03.2023 г.,610/11.08.2015 г.
99,D-000706,"""Европът 2005"" ООД, гр. Хасково",Чешмата,Хасково,Хасково,Строителни материали,Андезити,35 г.,17.03.2016 г.,24.03.2016 г.,854/03.11.2015 г.
100,D-000704,"""Слави"" ЕООД, гр. Сливен",Слави,Сливен,Сливен,Скално-облицовъчни материали,Пясъчници,35 г.,23.02.2016 г.,09.03.2016 г.,589/04.08.2015 г.
101,D-000701,"""Европроект"" ЕООД, гр. Бургас",Брешнела,Созопол,Бургас,Строителни материали,Трахити,25 г.,16.02.2016 г. ,23.02.2016 г.,651/29.07.2015 г.
102,D-000703,"""Базалт България"" ЕООД, гр. София","Бов - запад, участък ""Южен"" и участък ""Северен""",Своге,Софийска област,Строителни материали,Базалтоиди,35 г.,16.02.2016 г.,22.02.2016 г.,612/11.08.2015 г.
103,D-000702,"""Еврострой - 2004"" ООД, гр. Кърджали","Белинда, участък ""Изток""",Момчилград,Кърджали,Строителни материали,Андезитобазалти,35 г.,15.02.2016 г.,24.02.2016 г.,195/04.04.2014 г.
104,D-000700,"""Трейс Рисорсиз"" ЕООД, гр. София",Милин камък,Брезник,Перник,Метални полезни изкопаеми,Златно-сребърни руди,20 г.,26.01.2016 г.,01.02.2016 г.,637/21.08.2015 г.
105,D-000699,"""Булгнайс"" ООД, гр. Ивайловград",Караджейка,Ивайловград,Хасково,Скално-облицовъчни материали,Гнайси,35 г.,14.01.2016 г.,25.01.2016 г.,611/11.08.2015 г.
106,D-000698,"""Стоун Локъл Груп"" ООД, гр. Ветово","Камен дол, участъци ""Запад"" и ""Изток""",Ветово,Русе,Строителни материали,Варовици,35 г.,05.01.2016 г.,13.01.2016 г.,679/04.09.2015 г.
107,D-000697,"""Холсим Кариерни Материали Рудината ""АД, гр. София","Рудината, участък ""Ремо""",Столична,София,Строителни материали,Доломити и варовити доломити,35 г.,14.12.2015 г.,16.12.2015 г.,588/04.08.2015 г.
108,D-000696,"""Вега 3"" ЕООД, гр. Септември ",Лозята,Септември,Пазарджик,Строителни материали,Пясъци и чакъли,35 г.,11.08.2015 г.,17.08.2015 г. ,500/11.07.2014 г.
109,D-000695,"ЕТ ""Тодор Дичов Христов"", гр. София",Лисия,Костинброд,София,Строителни материали,Пясък,30 г.,13.07.2015 г.,Съгласно договора,498/15.06.2012 г.
110,D-000694,"""Роксил"" ООД, гр. Бургас",Голеш,Царево,Бургас,Строителни материали,Андезитобазалти,25 г.,17.06.2015 г.,09.07.2015 г.,413/20.06.2014 г.
111,D-000693,"""Кариери Пазарджик"" ООД, гр. Пазарджик","Рибарниците, участъци ""Участък - 1"" и ""Участък - 2""",Пазарджик,Пазарджик,Строителни материали,Пасък и чакъл,20 г.,12.06.2015 г.,27.01.2016 г.,679/26.09.2014 г.
112,D-000692,"""Айдалес 21"" АД, гр. Хасков","Кобилино, участък ""Държавно лесничейство"", контури ""Южен"" и ""Северен""",Ивайловград,Хасково,Скално-облицовъчни материали,Гнайси,35 г.,14.05.2015 г.,01.11.2000 г.,555/30.07.2014 г.
113,D-000679,"""Калцит"" ООД, гр. Димитровград","Юрт дере, участък ""Калцит""",Димитровград,Хасково,Строителни материали,Варовици,35 г.,22.10.2014 г.,27.10.1993 г.,446/02.07.2014 г.
114,D-000678,"""Пътно поддържане Пещера"" ЕООД, гр. Пещера",Алчака,Пазарджик,Пазарджик,Строителни материали,Пясъци,25 г.,04.09.2014 г.,22.10.2014 г.,347/23.05.2014 г.
115,D-000677,"""Холсим Кариерни Материали Пловдив"" АД, гр. Пловдив",Инджова върба - 2,Калояново,Пловдив,Строителни материали,Пясъци и чакъли,25 г.,22.07.2014 г.,23.07.2014 г.,51/03.02.2014 г.
116,D-000676,"""Еолит"" ООД, гр. Пловдив","Бунилото, участъци ""Бунилото-изток"" и ""Бунилото-запад'",Родопи,Пловдив,Скално-облицовъчни материали,Гнайсошисти,35 г.,15.07.2014 г. ,Съгласно договора,98/20.02.2014 г.
117,D-000674,"""Лонгоз 04"" ООД, гр. Варна","Чаирите, участъци ""Северен"" и ""Южен""",Аврен,Варна,Строителни материали,Пясъци,30 г.,08.07.2014 г.,08.07.2014 г.,197/04.04.2014 г.
118,D-000675,"""Проучване и добив на нефт и газ"" АД, гр. София",Искър - запад,"Кнежа, Искър",Плевен,Нефт и природен газ,Природен газ и кондензат,35 г.,30.06.2014 г.,15.08.2014 г.,399/12.06.2014 г.
119,D-000672,"""Риолитис"" ЕООД, гр. София",Мадлен,Летница,Ловеч,Строителни материали,Варовици и мергели,35 г.,30.05.2014 г.,05.06.2014 г.,664/01.11.2013 г.
120,D-000671,"""Геотехмин"" ООД, гр. София",Лещака,Макреш,Видин,Строителни материали,Диабази и гранодиорити,35 г.,14.04.2014 г.,16.04.2014 г.,768/06.12.2013 г.
121,D-000670,"ЕТ ""Севдин - Шукри Фейзи"", гр. Хасково",Кантона,Ивайловград,Хасково,Скално-облицовъчни материали,Гнайсошисти,10 г.,21.03.2014 г.,27.10.2015 г.,169/08.03.2013 г.
122,D-000669,"""Неметални полезни изкопаеми - индустриални минерали БГ"" ЕООД, гр. София","Брусарци - участъци ""Смирненски"" и ""Брусарци""",Брусарци,Монтана,Неметални полезни изкопаеми - индустриални минерали,Кварцови пясъци,35 г.,06.02.2014 г.,12.02.2014 г.,714/18.11.2013 г.
123,D-000667,"""Стрела 92"" ООД, гр. Велико Търново",Вишовград,Павликени,Велико Търново,Строителни материали,Варовици,35 г.,23.10.2013 г. ,20.12.1999 г. - датата на прехвърляне на собствеността по приватизационния договор,378/14.05.2012 г.
124,D-000664,"""НВГ Кариери"" ООД, гр. Пловдив",Старите колиби,Асеновград,Пловдив,Строителни материали,Мрамори,35 г.,09.10.2013 г.,16.10.2013 г.,290/18.05.2013 г.
125,D-000662,"""Летница - Керамика"" ЕООД, гр. Летница",Каменището,Летница,Ловеч,Строителни материали,Мергели,30 г.,23.08.2013 г.,30.12.1998 г.,161/07.03.2013 г.
126,D-000659,"""Рок Трейдинг"" ООД, гр. Девин",Поповяне,Самоков,София,Строителни материали,Пясъци,35 г.,15.05.2013 г.,Съгласно договора,428/30.05.2012 г.
127,D-000661,"""Монолит"" АД, гр. София","Горна Кремена, у-к ""Буков дол""",Мездра,Враца,Скално-облицовъчни материали,Варовици,35 г.,14.05.2013 г.,12.07.2021 г.,428/30.05.2012 г.
128,D-000660,"""Фили"" ООД, гр. София",Зъбера-2,Монтана,Монтана,Строителни материали,Варовици,35 г.,13.05.2013 г.,17.05.2013 г.,73/04.02.2013 г.
129,D-000666,"""Берил""ООД, гр. Бургас",Житосвят,"Средец, Карнобат",Бургас,Строителни материали,Трахити и трахитови туфи,35 г.,07.05.2013 г.,07.05.2013 г. ,673/07.11.2011 г. и 914/08.11.2012 г.
130,D-000657,"""Базалт"" ЕООД, гр. Хасково",Трите круши - запад,Карнобат,Бургас,Строителни материали,Андезитови туфи,35 г.,12.04.2013 г.,12.05.2021 г.,125/22.02.2013 г.
131,D-000658,"""Раян газ"" ЕООД, гр. Септември",Егреците,Септември,Пазарджик,Строителни материали,Пясъци и чакъли,30 г.,11.04.2013 г.,Съгласно договора,72/04.02.2013 г.
132,D-000650,"""Петрургия"" ЕООД, гр. София",Върбовка,Павликени,Велико Търново,Неметални полезни изкопаеми - индустриални минерали,Базалти,35 г.,12.03.2013 г.,19.03.2013 г.,975/21.11.2012 г.
133,D-000649,"""Пътстрой ВДХ"" ЕАД, гр. София",Футула,Карнобат,Бургас,Строителни материали,Андезитобазалти,35 г.,12.03.2013 г.,13.03.2013 г.,107/15.02.2013 г.
134,D-000646,"""Пътища и мостове"" ЕООД, гр. Провадия",Суворово,Суворово,Варна,Строителни материали,Варовици,35 г.,08.03.2013 г.,03.02.1999 г. - датата на прехвърляне на собствеността по приватизационния договор,671/07.08.2012 г.
135,D-000647,"Кооперация ""ПК Трасинженеринг"", гр. София","Железни врата, у-к ""1"" и у-к ""2""",Кърджали,Кърджали,Строителни материали,Трас,35 г.,05.03.2013 г.,15.3.1999 г. -  датата на влизане в сила на Закона за подземните богатства,958/16.11.2012 г.
136,D-000642,"ЕТ ""Румен Арнаудов - Айтен Арнаудова"", с. Плетена, обл. Благоевград","Ерковище, у-ци ""Вриза"" и ""Бистрица""",Сатовча,Благоевград,Скално-облицовъчни материали,"Гнайси, гнайсошисти и амфиболити",35 г.,28.02.2013 г.,28.05.2013 г.,629/20.07.2012 г.
137,D-000651,"""Петрокелтик България"" ООД, гр. Варна",Каварна Изток,,Черно море,Нефт и природен газ,Природен газ,6 г. + 15 г.,26.02.2013 г.,11.11.2013 г.,669/07.08.2012 г.
138,D-000645,"""ЕА 04"" ЕООД, гр. Плевен",Лилиян,Долна Митрополия,Плевен,Строителни материали,Пясъци и чакъли,35 г.,12.02.2013 г.,19.02.2013 г.,816/11.10.2012 г.
139,D-000644,"""Златна Панега Цимент"" АД, с. Златна Панега","Златна Панега, у-к ""Изток""",Ябланица,Ловеч,Строителни материали,Варовици и мергели,35 г.,12.02.2013 г.,18.02.2013 г.,545/29.06.2012 г.
140,D-000641,"""Макстрой"" ЕООД, гр. Монтана",Долна Вереница,Монтана,Монтана,Строителни материали,Варовици,35 г.,11.02.2013 г.,21.12.2013 г.,1033/18.12.2012 г.
141,D-000640,"ЕТ ""Илия Кинов"", с. Росен, област Пазарджик",Кайряка,Пазарджик,Пазарджик,Строителни материали,Пясъци и чакъли /баластра/,25 г.,28.01.2013 г.,24.03.2014 г.,925/09.11.2012 г.
142,D-000639,"""Маргемин"" ЕООД, гр. София",Пиринка,Струмяни,Благоевград,Строителни материали,Пясъци и чакъли,35 г.,22.01.2013 г.,31.01.2013 г.,908/02.11.2012 г.
143,D-000638,"""Пътища"" АД, гр. Шумен",Мътница 2,Шумен,Шумен,Строителни материали,Варовици,35 г.,16.01.2013 г.,03.02.1999 г. - датата на прехвърляне на собствеността по приватизационни договор,787/24.09.2012 г.
144,D-000637,"""Билдинг-Зах"" ЕООД, гр. Бургас","Дъскотна, участъци ""Северен"" и ""Южен""",Руен,Бургас,Строителни материали,Пясъци и чакъли,30 г.,11.01.2013 г.,22.05.2014 г. ,739/11.09.2012 г.
145,D-000634,"""Топ-МД"" ООД, гр. Варна",Ениер,Ветрино,Варна,Строителни материали,Пясъци,35 г.,08.01.2013 г.,04.10.2013 г. ,818/11.10.2012 г.
146,D-000633,"""Терекс и Ко"" АД, гр. София",Могилино,Две могили,Русе,Строителни материали,Варовици,35 г.,04.01.2013 г.,11.01.2013 г.,785/24.09.2012 г.
147,D-000632,"""Пътстрой 99"" ООД, гр. Монтана",Долно Белотинци,Монтана,Монтана,Строителни материали,Варовици,35 г.,10.12.2012 г.,06.11.2000 г.,333/27.04.2012 г.
148,D-000636,"""Терекс и Ко"" АД, гр. София",Копривец,Бяла,Русе,Строителни материали,Варовици,35 г.,04.12.2012 г.,04.12.2012 г.,670/07.08.2012 г.
149,D-000630,"""Камчия - агро"" ЕООД, гр. Долни Чифлик",Ново Оряхово,Долни Чифлик,Варна,Строителни материали,Пясъци,25 г.,16.11.2012 г.,24.04.2013 г.,786/24.09.2012 г.
150,D-000628,"""Екоагрострой"" АД, с. Ерден","Гредо, у-ци ""Охрид"" и ""Палилула""",Бойчиновци,Монтана,Строителни материали,Пясъци,35 г.,08.11.2012 г.,01.03.2013 г.,730/31.08.2012 г.
151,D-000629,"""Садас"" ООД, гр. София","Врачански варовик, у-ци ""Централен"", ""Запад"" и ""Изток""","Роман, Червен бряг","Враца, Плевен",Скално-облицовъчни материали,Варовици,35 г.,23.10.2012 г.,24.10.2012 г.,499/15.06.2012 г.
152,D-000627,"""Техсел"" ООД, гр. София",Краварника,Угърчин,Ловеч,Скално-облицовъчни материали,Пясъчници,25 г.,23.10.2012 г.,Съгласно договора,526/26.06.2012 г.
153,D-000625,"""Щайн груп"" ЕООД, гр. София",Кошарата,Угърчин,Ловеч,Скално-облицовъчни материали,Пясъчници,35 г.,10.10.2012 г.,15.10.2012 г.,472/11.06.2012 г.
154,D-000632,"""Запрянови - 03"" ООД, гр. Асеновград",Чайкъра,Асеновград,Пловдив,Строителни материали,Пясъци и чакъли /баластра/,13 г. + 12 г.,06.10.2006 г.; Анекс за привеждане в съответствие - 01.10.2012 г.,06.10.2006 г.,№ 813 от 29.03.2006г. на община Асеновград; РМС - 665/06.08.2012 г.
155,D-000623,"""Магма 2005"" ООД, гр. Първомай",Трите чешми,Първомай,Пловдив,Строителни материали,Пясък и чакъл,35 г.,12.09.2012 г.,Съгласно договора,337/02.05.2012 г.
156,D-000622,"""Фар ИМ"" ЕАД, гр. София","Крачола, у-к ""Централен""",Тунджа,Ямбол,Строителни материали,Доломити,35 г.,31.08.2012 г.,10.09.2012 г.,256/30.03.2012 г.
157,D-000621,"""Беттран"" АД, гр. Хасково; ""Монолит"" АД, гр. Хасково",Дюзка чешма,Димитровград,Хасково,Строителни материали,Доломитни мрамори,35 г.,23.08.2012 г.,24.04.2013 г.,431/30.05.2012 г.
158,D-000620,"""Пътно поддържане-Сливен” ЕООД, гр. София",Бинкос,Сливен,Сливен,Строителни материали,Доломитни варовици,35 г.,31.08.2012 г.,"17.01.1997 г. - датата на прехвърляне на акциите на ""Биндер"" АД, продадени на първата тръжна сесия по реда на масовата приватизация",651/30.07.2012 г.
159,D-000619,"ЕТ ""Руска Ангелова"", с. Дъбовец, Любимец",Чакъров дрян,Ивайловград,Хасково,Скално-облицовъчни материали,Мрамори и гнайсошисти,35 г.,03.08.2012 г.,22.08.2012 г.,909/12.12.2011 г.
160,D-000618,"""Хидроминерал"" ООД, гр. София","Студена, у-к ""Магстрой""",Перник,Перник,Строителни материали,Доломити,35 г.,03.08.2012 г.,09.08.2012 г.,286/06.04.2012 г.
161,D-000617,"""Минерал процесинг"" ООД, гр. Бургас",Кариерата,Камено,Бургас,Строителни материали,Пясъци,35 г.,27.07.2012 г.,03.08.2012 г.,208/15.03.2012 г.
162,D-000616,"""Динас"" АД, гр. Сливен",Стоянова тераса,Гурково,Стара Загора,Скално-облицовъчни материали,Бигор,20 г.,27.7.2012 г.,08.05.2013 г.,949/23.12.2011 г.
163,D-000615,"""Инертни материали - Ямбол"" АД, гр. Ямбол",Ханово,Тунджа,Ямбол,Строителни материали,Пясък,35 г.,26.7.2012 г.,23.04.1999 г. - датата на прехвърляне на собствеността по приватизационния договор,228/26.03.2012 г.
164,O-000715,"""Кариян"" ЕООД, гр. Бургас",Грудово,Средец,Бургас,Строителни материали,Андезитови туфи,10 г. + 15 г.,07.06.2001 г.,07.06.2001 г.; 19.07.2012 г.,188/09.03.2012 г.
165,D-000614,"""Пътно поддържане-Сливен"" ЕООД, гр. София",Дядово - Биндер,Нова Загора,Сливен,Строителни материали,Доломити,35 г.,04.07.2012 г.,"17.01.1997 г. - датата на прехвърляне на акциите на ""Биндер"" АД, гр. Сливен продадени на първата тръжна сесия по реда на масовата приватизация",759/19.10.2011 г.
166,D-000613,"”Стрела - 92” ООД, гр. Велико Търново","Шереметя, у-к ""Изток""","Велико Търново, Лясковец",Велико Търново,Строителни материали,Варовици,25 г.,29.06.2012 г.,20.12.1999 г. - датата на прехвърляне на собствеността по приватизационния договор,234/27.03.2012 г.
167,D-000610,"”Дънди Прешъс Металс Крумовград"" ЕАД, гр. Крумовград","Хан Крум, у-ци ""Ада тепе"", ""Къпел"", ""Къклица"", ""Скалак"", ""Зона Синап"", ""Сърнак""",Крумовград,Кърджали,Метални полезни изкопаеми,Златосъдържащи руди,30 г.,25.04.2012 г.,25.04.2012 г.,87/11.02.2011 г.
168,D-000609,"""Асарел - Медет"" АД, гр. Панагюрище","Асарел, у-к ""Запад""","Панагюрище, Златица, Чавдар","Пазарджик, София",Метални полезни изкопаеми,Медно-златни руди,15 г.,19.03.2012 г.,19.03.2012 г.,684/13.11.2011 г.
169,D-000608,"""Върба Батанци"" АД, гр. Мадан",Върба - Батанци,Мадан,Смолян,Метални полезни изкопаеми,Оловно-цинкови руди,30 г.,31.05.2012 г.,31.05.2012 г.,841/23.012.2008 г.; 760/19.10.2011 г.
170,D-000606,"“Гейт” ЕООД, гр. Благоевград",Айселана – у- к „Айселана 2”,Гърмен,Благоевград,Скално-облицовъчни материали,Гнайси и гнайсошисти,35 г.,09.02.2012 г.,09.02.2012 г.,638/30.08.2011 г.
171,D-000605,"""Пътперфект - Т"" ЕАД, гр. Силистра",Богорово,Силистра,Силистра,Строителни материали,Варовици,25 г.,21.02.2012 г.,03.10.2003 г.,640/30.08.2011 г.
172,D-000604,"""Технострой-инженеринг 99"" АД, гр. Ямбол",Кояджика,Стралджа,Ямбол,Строителни материали,Трахити,25 г.,07.6.2012 г.,28.08.2012 г.,612/08.08.2011 г.
173,D-000603,"""Ачера"" ООД, гр. София",Камъните,Ивайлоград,Хасково,Скално-облицовъчни материали,Гнайсошисти,35 г.,30.5.2012 г.,06.06.2012 г.,176/06.03.2012 г.
174,D-000602,"""Динел"" ЕООД, гр. София",Железино,Ивайловград,Хасково,Скално-облицовъчни материали,Гнайси и амфиболити,35 г.,06.06.2012 г.,07.01.2015 г.,233/27.03.2012 г.
175,D-000601,"""Персенк Инвест"" ООД, гр. Пловдив",Куртово Конаре,"Стамболийски, Кричим",Пловдив,Строителни материали,Мрамори,35 г.,14.05.2012 г.,18.05.2012 г.,227/26.03.2012 г.
176,D-000600,"""Холсим Кариерни Материали Пловдив"" АД, гр. Пловдив","Шишманци, у-к ""2""",Раковски,Пловдив,Строителни материали,Варовици,25 г.,18.04.2012 г.,03.12.2012 г.,758/19.10.2011 г.
177,D-000599,"""Кариери Пазарджик"" ООД, гр. Пазарджик",Изток,Пазарджик,Пазарджик,Строителни материали,Пясък и чакъл,15 г.,17.04.2012 г.,17.05.2013 г. ,951/27.12.2011 г.
178,D-000598,"""Ресурси"" ЕООД, гр. Бургас",Окопите,Тунджа,Ямбол,Строителни материали,Пясъци,35 г.,24.04.2012 г.,Съгласно договора,950/27.12.2011 г.
179,D-000597,"ЕТ ""Наско - 87 Красимир Аргиров"", гр. Маджарово",Фабриката - 1,Ивайловград,Хасково,Скално-облицовъчни материали,Гнайсошисти,35 г.,18.04.2012 г.,16.05.2013 г,800/03.11.2011 г.
180,D-000595,"”Ардино - Мрамор” ООД, с. Правдолюб",Дядовци,Ардино,Кърджали,Скално-облицовъчни материали,Мрамори,35 г.,02.03.2012 г.,02.03.2012 г.,726/29.11.2011 г.
181,D-000594,"""Дионисомарбле - България“ ЕООД, гр. София",Дионисо - 2,Мездра,Враца,Скално-облицовъчни материали,Варовици,35 г.,28.02.2012 г.,06.03.2012 г.,40/20.01.2012 г.
182,D-000593,"""Ралекс"" ООД, гр. Пловдив",Наредените камъни,Ивайловград,Хасково,Скално-облицовъчни материали,"Двуслюдени гранитогнайси до гнайсошисти, ивичести амфиболити и тънкопластови мрамори",25 г.,18.10.2011 г.,15.11.2011 г.,613/08.08.2011 г.
183,D-000592,"ЕТ ""Орхан Селимов – 77 – Еуро гнайс – Иван Димов"", гр. София",Чешмата,Ивайловград,Хасково,Скално-облицовъчни материали,Гнайсошисти,25 г.,27.01.2012 г.,27.01.2012 г.,722/27.09.2011 г.
184,D-000591,"""Гравелита"" ООД, гр. София","Оврага, у-к ""Север"" и у-к ""Юг""",Стамболово,Хасково,Неметални полезни изкопаеми - индустриални минерали,"Вулкански туфизити ""олигомикт""",35 г.,23.12.2011 г.,23.12.2011 г.,694/17.11.2011 г.
185,D-000590,"ЕТ ""Петко Петков"", с. Старозагорски бани",Памуклука,Стара Загора,Стара Загора,Строителни материали,Варовици,35 г.,20.12.2011 г.,Съгласно договора,789/31.10.2011 г.
186,D-000588,"""Хард Стоун"" ЕООД, с. Чешнигирово",Зидина,Чирпан,Стара Загора,Скално-облицовъчни материали,Варовици,30 г.,30.01.2012 г.,30.01.2012 г.,736/3.10.2011 г.
187,D-000587,"”Ескана” АД, гр. Варна",Старо Оряхово 2,Долни Чифлик,Варна,Строителни материали,Пясъци,25 г.,07.12.2011 г.,16.01.2012 г.,367/30.05.2011 г.
188,D-000586,"""Ведена"" ООД, гр. Разград",Кара Михал,Самуил,Разград,Неметални полезни изкопаеми - индустриални минерали,Кварц-каолинитови среднопластични глини,35 г.,23.12.2010 г.,23.12.2010 г.,766/22.10.2010 г.
189,D-000585,"""Литос Комерс"" ЕООД, гр. Асеновград",Каваклъка,Асеновград,Пловдив,Строителни материали,Баластра,25 г.,18.10.2011 г.,18.10.2011 г.,463/20.06.2011 г.
190,D-000584,"""Каи Майнинг"" ЕООД, гр. Исперих","Две могили, у-ч.""Маргарита-2"" и у-к ""Пристое 3""",Каолиново,Шумен,Неметални полезни изкопаеми - индустриални минерали,Кварц-каолинова суровина,35 г.,17.09.2011 г.,17.09.2011 г.,482/27.06.2011 г.
191,D-000583,"""Каи Майнинг"" ЕООД, гр. Исперих",Беленища,Опака,Търговище,Неметални полезни изкопаеми - индустриални минерали,Халцедонови силицити,35 г.,17.09.2011 г.,17.09.2011 г.,286/10.05.2011 г.
192,D-000581,"”ТБМ - 2000” ЕООД, гр. Монтана",Ерден 2,Бойчиновци,Монтана,Строителни материали,Пясък и чакъл /речна баластра/,25 г.,14.07.2011 г.,19.08.2011 г.,893/22.12.2010 г.
193,D-000580,"“Ескана” АД, гр. Варна",Горен близнак,Аврен,Варна,Строителни материали,Пясъци,25 г.,06.07.2011 г.,06.07.2011 г.,682/16.09.2010 г.
194,D-000578,"""Трейс БГ"" ЕООД, гр. София",Исенов връх,Стара Загора,Стара Загора,Строителни материали,Варовици,10 г.,23.12.2010 г.,23.12.2010 г.,683/16.09.2010 г.
195,D-000577,"""Копривлен-Мрамор"" ЕООД, с. Копривлен","Кремона -  участък ""Кален"" и  участък ""Кален-изток""",Мездра,Враца,Скално-облицовъчни материали,Варовици,25 г.,21.12.2010 г.,21.12.2010 г.,536/23.07.2010 г.
196,D-000576,"""Каи Майнинг"" ЕООД, гр. Исперих",Арчар,Шумен,Шумен,Неметални полезни изкопаеми - индустриални минерали,Фелдшпат-кварцови пясъци,35 г.,23.12.2010 г.,23.12.2010 г.,770/25.10.2010 г.
197,D-000575,"""Елаците - Мед"" АД, с. Мирково",Миал,Мирково,София,Неметални полезни изкопаеми - индустриални минерали,доломити,35 г.,23.12.2010 г.,23.12.2010 г.,46/02.02.2010 г.
198,D-000574,"""Технострой-инженеринг 99"" АД, гр. Ямбол",Коневец,Тунджа,Ямбол,Строителни материали,Доломити,25 г. + 15 г.,18.10.2011 г.,25.11.1999 г.,369/30.05.2011 г.
199,D-000573,"""Интермонтажи"" ЕООД, гр. София","Хумни дол”, у-к „Северен“ и у-к „Южен“",Тополовград,Хасково,Строителни материали,Пясък и чакъл,25 г.,16.11.2011 г.,19.12.2011 г.,364/30.05.2011 г.
200,D-000572,"""ТБМ - 2000"" ЕООД, гр. Монтана","Шугла, участъци „Север“ и „Юг“",Монтана,Монтана,Строителни материали,Пясъци и чакъли,25 г.,06.11.2011 г.,09.01.2012 г.,363/30.05.2011 г.
201,D-000571,"„Пътинженерингстрой - Т” ЕАД, гр. Търговище",Команското,Угърчин,Ловеч,Строителни материали,Варовици,35 г.,07.12.2011 г.,16.12.2011 г.,735/3.10.2011 г.
202,D-000568,"""Пътперфект - Т"" ЕАД, гр. Силистра",Поп Кралево,Силистра,Силистра,Строителни материали,Варовици,35 г.,03.11.2011 г.,26.07.1999  г.,611/08.08.2011 г.
203,D-000567,"""Ейч Би Минералс"" ООД, гр. София",Али,Ихтиман,София,Строителни материали,Амфиболити,35 г.,07.11.2011 г.,07.11.2011 г.,610/ 8.08.2011 г.
204,D-000566,"""Трейс Ямбол"" АД, гр. Ямбол",Бояново,Елхово,Ямбол,Строителни материали,Доломити,25 г.,23.11.2011 г.,17.01.1997 г.,650/30.08.2011 г.
205,D-000565,"""Кам и Кам"" ООД, гр. Симитли","Пирински въглищен басейн, у-к „Ракитна""",Симитли,Благоевград,Твърди горива,Кафяви въглища,15 г.,23.11.2011 г.,23.11.2011 г.,642/30.08.2011
206,D-000564,"”Стрела - 92” ООД, гр. Велико Търново","Самоводене, у-к „Запад“",Велико Търново,Велико Търново,Строителни материали,Варовици,25 г.,16.11.2011 г.,20.12.1999 г.,366/30.05.2011 г.
207,D-000563,"""Инерт груп комерс"" ЕООД, гр. София","Градец“, участъци „Южен“ и „Градище",Костинброд,София,Строителни материали,Варовици,25 г.,23.11.2011 г.,03.11.2006 г.,651/31.08.2011 г.
208,D-000562,"""Киряевска вар"" ООД, гр. Видин",Рафаело,Макреш,Видин,Строителни материали,Варовици,25 г.,23.12.2010 г.,23.12.2010 г.,662/14.09.2010 г.
209,D-000561,"”Пътстрой - Габрово” АД, гр. Габрово",Козирог,"Габрово, Дряново",Габрово,Строителни материали,Варовици,25 г.,01.06.2011 г.,22.02.2000 г.,681/16.09.2010 г.
210,D-000560,"""Трейс Ямбол"" АД, гр. Ямбол",Бояново-2,Елхово,Ямбол,Строителни материали,Доломити и варовици,25 г.,01.09.2011 г.,01.09.2011 г.,798/09.11.2010 г.
211,D-000559,"""Девинци"" ООД, гр. Плевен",Маркова могила -център,Червен бряг,Плевен,Строителни материали,Варовици,25 г.,29.08.2011 г.,27.12.2000 г. - датата на прехвърляне на собствеността по договора за продажба на особена част от приватизирана част от държавно предприятие,2/04.01.2011 г.
212,D-000558,"""Водстрой Пловдив"" АД, гр. Пловдив",Стряма 2,Калояново,Пловдив,Строителни материали,Пясъци и чакъли,10 г.,26.07.2011 г.,12.08.2011 г.,838/24.11.2010 г.
213,D-000557,"""Фриго - Макс"" ЕООД, гр. София",Мелницата,Ивайловград,Хасково,Скално-облицовъчни материали,Гнайсошисти,25 г.,31.08.2011 г.,13.10.2011 г.,368/30.05.2011 г.
214,D-000556,"""Инермат 27"" ООД, гр. Хасково",Райново,Симеоновград,Хасково,Строителни материали,Гнайсошисти,25 г.,29.06.2011 г.,27.07.2011 г.,894/22.12.2010 г.
215,D-000552,"""Пътстройинженеринг"" АД, гр. Кърджали",Воденицата 4,Ивайловград,Хасково,Скално-облицовъчни материали,Гнайси,25 г.,16.05.2011 г.,16.05.2011 г.,899/20.11.2009; 680/16.09.2010 г.
216,D-000551,"""Бистрица"" ООД, гр. България",Крумово,"Благоевград, Кочериново","Благоевград, Кюстендил",Строителни материали,Речна баластра /чакъл и пясък/,25 г.,16.05.2011 г.,16.05.2011 г.,839/24.11.2010 г.
217,D-000548,"“Гнайс” ЕООД, гр. Ивайловград","Кобилино, участък ""Бахирките""",Ивайловград,Хасково,Скално-облицовъчни материали,Гнайси,25 г.,17.08.2010 г.,18.06.2004 г.,624/20.07.2009 г.
218,D-000547,"""Арко Импорт"" ЕООД, гр. София","Дългия рид, участък ""Източен"" и участък ""Западен""",Нова Загора,Сливен,Строителни материали,Доломити,25 г.,12.07.2010 г.,12.07.2010 г.,823/28.10.2009 г.
219,D-000546,"“Дионисомарбле България” ЕООД, гр. София","Дионисо-участък ""Втори""",Мездра,Враца,Скално-облицовъчни материали,Варовици,25 г.,13.08.2010 г.,13.08.2010 г.,200/09.04.2010 г.
220,D-000545,"""Булгнайс"" ООД, гр. Ивайловград",Нурмус,Ивайловград,Хасково,Скално-облицовъчни материали,Гнайси,25 г.,14.06.2010 г.,14.06.2010 г.,821/27.10.2009 г.
221,D-000544,"""Петрокелтик България"" ЕООД, гр. Варна",Калиакра,,Черно море,Нефт и природен газ,Природен газ,7 г.,1.11.2010 г.,1.11.2010 г.,719/04.10.2010 г.
222,D-000543,"""Петрокелтик България"" ООД, гр. Варна",Каварна,,Черно море,Нефт и природен газ,Природен газ,10 г.,1.11.2010 г.,1.11.2010 г.,583/06.08.2010 г.
223,D-000541,"”Зеорекс-Интернационал” ЕООД, гр. София",Анел тепе,Кърджали,Кърджали,Неметални полезни изкопаеми - индустриални минерали,Клиноптилолитови зеолити,35 г.,16.07.2009 г.,16.07.2009 г.,478/18.06.2009 г.
224,D-000538,"""Ресурс-1"" АД, гр. Пловдив",Грънчарица Център,Велинград,Пазарджик,Метални полезни изкопаеми,Волфрамсъдържащи руди,35 г.,16.07.2009 г.,16.07.2009 г.,372/21.05.2009 г.
225,D-000537,"""Волф и Мюлер Минералс България"" ООД, гр. София",Белица,Ихтиман,София,Неметални полезни изкопаеми - индустриални минерали,Вермикулитова Суровина,35 г.,16.07.2009 г.,16.07.2009 г.,479/18.06.2009 г.
226,D-000535,"""Геонет""  ЕООД, гр. София",Кълново,Смядово,Шумен,Неметални полезни изкопаеми - индустриални минерали,Лептохлорит-хидрослюдени варовити алевролити,35 г.,16.07.2009 г.,16.07.2009 г.,419/30.05.2009 г.
227,D-000668,"""Пътинженерингстрой-Т"" ЕАД, гр. Търговище",Боаза,Търговище,Търговище,Строителни материали,Варовици,25 г.,14.06.2010 г.,20.12.1999 г. ,625/20.12.2009 г.
228,D-000533,"""Керамик"" ЕООД, гр. Сливен",Блатец,Сливен,Сливен,Строителни материали,Глинести мергели,25 г.,20.01.2010 г.,06.01.1999 г.,578/02.07.2009 г.
229,D-000530,"""Ейч Би Минералс Варна"" ЕООД, гр. Сливница",Цареви ливади-изток,Суворово,Варна,Строителни материали,Варовици,25 г.,09.07.2009 г.,09.07.2009 г.,307/27.04.2009 г.
230,D-000529,"""Г и Г каиери"" ЕООД, гр. София",Станеви ниви,Мездра,Враца,Скално-облицовъчни материали,Варовици,25 г.,21.07.2009 г.,21.07.2009 г.,488/22.09.2009 г.
231,D-000527,"”Пътинженеринг” АД, гр. Русе",Ломенска кория,Павликени,Велико Търново,Строителни материали,Базалти,25 г.,02.07.2009 г.,02.07.2009 г.,453/10.06.2009 г.
232,D-000526,"""МОЛЛОВ-07"" ЕООД, гр. Ивайловград",Габъра,Ивайловград,Хасково,Скално-облицовъчни материали,Гнайсошисти,25 г.,12.06.2009 г.,12.06.2009 г.,270/21.04.2009 г.
233,D-000525,"""Ивеста"" ООД, гр. Хасково",Фабриката 4,Ивайловград,Хасково,Скално-облицовъчни материали,Гнайси,25 г.,27.05.2009 г.,27.05.2009 г.,207/30.03.2009 г.
234,D-000524,"""Ивеста"" ООД, гр. Хасково",Фабриката 2,Ивайловград,Хасково,Скално-облицовъчни материали,Гнайси,25 г.,27.05.2009 г.,27.05.2009 г.,206/30.03.2009 г.
235,O-000040,"""Главболгарстрой"" АД, гр. София",Бов,Своге,София,Строителни материали,Диабазови брекчи,25 г. + 25 г.,19.01.1999 г.,19.01.1999 г.,115/23.02.2009 г.
236,D-000520,"""Инертни материали-Ямбол"" АД, гр. ЯМбол","Каменец, у-к Kаменец-1 и у-к Каменец-2",Стралджа,Ямбол,Строителни материали,Мрамори и мраморизирани варовици,25 г. + 25 г.,12.03.2009 г.,23.04.1999 г.,68/04.02.2009 г.
237,D-000518,"""Геонет""  ЕООД, гр. София",Яна,Завет,Разград,Неметални полезни изкопаеми - индустриални минерали,смектит-илитови-алевролити,35 г.,10.06.2009 г.,10.06.2009 г.,93/18.02.2009 г.
238,D-000517,"""АТС - Стоун"" ООД, гр. София",Равнище,Мездра,Враца,Скално-облицовъчни материали,Варовици,25 г.,18.05.2009 г.,18.05.2009 г.,186/24.03.2009 г.
239,D-000514,"""Благоустройство - Студена"" ООД, гр. София","Студена,  у-к Благоустройствени строежи",Перник,Перник,Строителни материали,Доломити и доломитни варовици,25 г. + 10 г.,21.08.2008 г.,31.03.1999 г.,493/29.07.2008 г.
240,D-000507,"„Инертни материали Гарваново“ ЕООД, с. Крепост",Змиярника,Хасково,Хасково,Строителни материали,Андезити,25 г.,17.03.2009 г.,17.03.2009 г.,781/10.12.2008 г.
241,D-000505,"""Щрабаг"" ЕАД, гр. София",Пери,Перник,Перник,Строителни материали,Доломити,25 г.,27.02.2009 г.,27.02.2009 г.,870/30.12.2008 г.
242,O-000795,"""София - Стройпроект"" АД, гр. София",Тикенлика,Главиница,Силистра,Строителни материали,Варовици,30 г.,04.12.2008 г.,04.12.2008 г.,123/30.10.2008 г. на Общински съвет - Главиница
243,O-000796,"""София - Стройпроект"" АД, гр. София",Кофалджа,Главиница,Силистра,Строителни материали,Варовици,30 г.,04.12.2008 г.,04.12.2008 г.,123/30.10.2008 г. на Общински съвет - Главиница
244,D-000503,"“Камъни и пясък” ЕООД, гр. София",Крива бара,Столична,София /столица/,Строителни материали,Баластра (пясък и чакъл),25 г.,25.07.2008 г.,25.07.2008 г.,405/24.06.2008 г.
245,D-000501,"“Хидробетон” ООД, с. Казичене, обл. София","Студена, у-к Хидростой 2",Перник,Перник,Строителни материали,Доломити,25 г.,03.12.2008 г.,03.12.2008 г.,671/29.10.2008 г.
246,D-000500,"""НЕК Груп"" ООД, гр. Момчилград",Мидан диби,Момчилград,Кърджали,Строителни материали,Андезитобазалти,25 г.,20.11.2008 г.,20.11.2008 г.,667/29.10.2008 г.
247,D-000499,"""Трансатлантик Фрейтърс България"" ЕООД, гр. Бургас",Порой,Поморие,Бургас,Строителни материали,Трахити,25 г.,20.12.2008 г.,20.12.2008 г.,730/18.11.2008 г.
248,D-000497,"""Холсим Кариерни Материали"" АД, гр. София","Лозница-2, у-к 1-ви и у-к 2-ри",Пазарджик,Пазарджик,Строителни материали,Баластра,25 г.,03.12.2008 г.,03.12.2008 г.,672/29.10.2008 г.
249,D-000496,"""Гео-Марк Инженеринг"" ЕООД, гр. Етрополе",Луда Яна,"Панагюрище, Стрелча",Пазарджик,Строителни материали,Варовици,15 г.,11.06.2008 г.,11.06.2008 г.,336/26.05.2008 г.
250,D-000495,"""Европейски пътища"" АД, гр. Пловдив",Белащица - юг,Родопи,Пловдив,Строителни материали,Мрамори,25 г.,04.09.2008 г.,03.02.1997 г.,528/12.08.2008 г.
251,D-000493,"""Гравелита"" ООД, гр. София","Пчелари, у-к ""Запад"" и у-к ""Изток""",Стамболово,Хасково,Неметални полезни изкопаеми - индустриални минерали,Органогенен варовик,35 г.,10.10.2008 г.,10.10.2008 г.,589/10.09.2008 г.
252,O - K6,"""Витал транс"" ООД, гр. Първомай",Рибарника - 1,Първомай,Пловдив,Строителни материали,Речна баластра,22 г.,01.10.2008 г.,01.10.2008 г.,106/18.07.2008 г. по Протокол № 12 на Общински съвет - Първомай
253,D-000492,"“Стройкомбинат - М” АД, гр. Стара Загора",Ягода - запад,"Мъглиж, Казанлък",Стара Загора,Строителни материали,Пясъци и чакъли,25 г.,11.09.2008 г.,11.09.2008 г.,512/12.08.2008 г.
254,D-000735,"""Еурострой"" ООД, с. Катуница",Стоянчова чешма,Садово,Пловдив,Строителни материали,Баластра,35 г.,03.09.2008 г.,30.06.2009 г.,"176, взето с Протокол № 15/31.07.2008 г. на Общински съвет - Садово"
255,D-000490,"""Ейч Би Минералс"" ООД, гр. София",Богданово-запад,Средец,Бургас,Строителни материали,Варовици,25 г.,24.07.2008 г.,07.03.2000 г.,475/25.06.2008 г.
256,D-000489,„Инертни материали Лисово“ ЕООД,Лисово,Свиленград,Хасково,Строителни материали,Мрамори,25 г.,04.07.2008 г.,04.07.2008 г.,367/12.06.2008 г.
257,D-000487,"“Копривлен мрамор” ЕООД, с. Копривлен",Плочата,Мездра,Враца,Скално-облицовъчни материали,Варовици,25 г.,25.07.2008 г.,25.07.2008 г.,425/02.07.2008 г.
258,D-000485,"“Геопеча” АД, гр. София",Орешец,Димово,Видин,Строителни материали,Варовици,25 г.,21.08.2008 г.,21.08.2008 г.,513/05.08.2008 г.
259,D-000484,"“ДЛВ-СИ” ООД, гр. Перник","Студена, Заводски строежи 2",Перник,Перник,Строителни материали,Доломити,25 г.,10.09.2008 г.,10.09.2008 г.,514/05.08.2008 г.
260,D-000483,"“Водстрой Пловдив” АД, гр. Пловдив",Стряма 1,Калояново,Пловдив,Строителни материали,Пясъци и чакъли,25 г.,19.09.2008 г.,19.09.2008 г.,527/12.08.2008 г.
261,D-000482,"""Инфра експерт"" АД, гр. София","Студена, у-к Хидростой 1","Перник, Радомир",Перник,Строителни материали,Доломити,25 г.,15.09.2008 г.,15.09.2008 г.,529/12.08.2008 г.
262,D-000481,"""Минерал 2000"" ЕООД, гр. София",Козяк,Сливница,София /столица/,Неметални полезни изкопаеми - индустриални минерали,Варовици,30 г.,23.07.2008 г.,23.07.2008 г.,406/14.06.2007 г.
263,D-000479,"“Диабаз” ЕООД, гр. София",Тери,Белоградчик,Видин,Строителни материали,Диабази,25 г.,10.07.2008 г.,10.07.2008 г.,376/13.06.2008 г.
264,D-000478,"“Пътинженеринг-М” ЕАД, гр. Монтана",Лома,Брусарци,Монтана,Строителни материали,Пясъци  и чакъли,20 г.,10.07.2008 г.,10.07.2008 г.,354/02.06.2008 г.
265,D-000477,"“МДЗ - Балша” АД, с. Балша",Люляците,Костинброд,София,Строителни материали,Варовици и доломити,25 г.,27.06.2008 г.,03.11.2000 г.,316/17.05.2008 г.
266,D-000473,"“Грома Холд” ЕООД, с. Бело поле",Лучище,Благоевград,Благоевград,Строителни материали,Варовици,25 г.,30.05.2008 г.,30.05.2008 г.,299/12.05.2008 г.
267,D-000472,"“Строителни материали”АД, гр. Бургас",Дебелт,Средец,Бургас,Строителни материали,Пясъци,25 г.,28.05.2008 г.,07.03.2000 г.,288/09.05.2008 г.
268,D-000471,"""Каолин"" ЕАД, гр. Сеново",Великан,Димитровград,Хасково,Неметални полезни изкопаеми - индустриални минерали,Варовици,35 г.,22.02.2008 г.,22.02.2008 г.,13/15.01.2008 г.
269,D-000470,"“ГБС - Инфрастуктурно стоителство”АД, гр. София",Целовижда,Костинброд,София,Строителни материали,"Варовици, доломити и пясъчници",25 г.,14.05.2008 г.,14.05.2008 г.,206/08.04.2008 г.
270,D-000467,"“Геотранс-инженеринг” ООД, гр. София",Баалък тепе,Казанлък,Стара Загора,Строителни материали,Базалти,12 г. + 15 г.,26.02.2008 г.,26.02.2008 г.,34/25.01.2008 г.
271,O-000708,"""Газтрейд"" АД, гр. София",Бяла вода,Белослав,Варна,Строителни материали,Варовици,30 г.,30.01.2008 г.,30.01.2008 г.,401/25.07.2007 г. на Общински съвет - Белослав
272,D-000465,"""Мини Марица изток"" ЕАД, гр. Раднево",Източномаришки въглищен басейн,"Гълъбово, Нова Загора, Раднево, Тополовград, Симеоновград","Стара Загора, Хасково, Сливен",Твърди горива,Въглища,35 г.,11.11.2005 г.,22.07.2008 г.,655/13.07.2005 г.
273,D-000461,"”Проучване и добив на нефт и газ” АД, гр. София",Тюленово,"Каварна, Шабла",Добрич,Нефт и природен газ,Суров нефт,35 г.,12.9.2003 г.,13.08.2003 г.,536/30.07.2007 г.
274,D-000460,"""Катстрой 13"" ЕООД, с. Катрище",Катрище,Кюстендил,Кюстендил,Твърди горива,Въглища,10 г. +15 г.,16.10.2002 г.,28.3.2002 г.,552/21.08.2002 г.
275,D-000459,"""Пирин БМК"" ЕООД, гр. Перник",Ораново,Симитли,Благоевград,Твърди горива,Въглища,35 г.,07.02.2005 г.,19.05.2005 г.,217/17.04.2002 г.
276,D-000457,"""Технопътстрой"" ЕООД, гр. Ямбол",Еневи могили,Тунджа,Ямбол,Строителни материали,Трахиандезити,25 г.,10.11.2004 г.,10.11.2004 г.,771/28.09.2004 г.
277,O-000794,"""Варовик Комерс"" ЕООД, с. Каменец",Каменец,Стралджа,Ямбол,Строителни материали,Варовици,15 г. +15 г.,29.12.2005 г.,01.01.2006 г.,253 от Протокол № 22/03.11.2005 г. на общински съвет Стралджа
278,O- 00726,"""Витал Транс"" ООД, гр. Първомай",Адата - изток,Първомай,Пловдив,Строителни материали,Речна баластра,15 г.,15.08.2005 г.,15.08.2005 г.,257/15.07.2007 г. по Протокол № 25 от 15.07.2007 г. на Общински съвет - гр. Първомай
279,D-000454,"""Доломит"" ЕООД, гр. Сливница",Шумнатица,"Перник, Радомир",Перник,Строителни материали,Доломити,35 г.,22.08.2005 г.,22.08.2005 г.,656/13.07.2005 г.
280,D-000453,"“Екогеоресурс” ООД, гр. Стара Загора",Ръжена,Казанлък,Стара Загора,Строителни материали,Баластра (пясък и чакъл),25 г.,12.03.2008 г.,12.03.2008 г.,74/13.02.2008 г.
281,D-000451,"“Тера” ООД, гр. София",Забел,Трън,Перник,Строителни материали,Глини,25 г.,24.01.2008 г.,24.01.2008 г.,859/21.12.2007 г.
282,D-000450,"""Геотранс-Инженеринг"" ООД, гр. Нова Загора",Твърдица,Твърдица,Сливен,Строителни материали,Доломити,25 г.,21.12.2007 г.,21.12.2007 г.,801/04.12.2007 г.
283,D-000449,"""Плена България"" ЕООД, гр. София",Дръмски Връх,Драгоман,София,Строителни материали,Варовици,25 г. + 15 г.,23.11.2007 г.,15.03.1999 г.,663/16.10.2007 г.
284,O-00676,"""Паола Комерс"" ООД, гр. Плевен",Адъта,Ловеч,Ловеч,Строителни материали,Речна баластра,25 г.,15.10.2007 г.,15.10.2007 г.,1128/28.09.2007 г. на Общински съвет - Ловеч
285,D-000446,"""Тива"" ООД, гр. Ивайловград",Корумахле,Ивайловград,Хасково,Скално-облицовъчни материали,Гнайси,25 г.,04.10.2007 г.,04.10.2007 г.,566/29.08.2007 г.
286,D-000445,"”Пътинженеринг” ЕАД, гр. Монтана",Езерото,Чипровци,Монтана,Строителни материали,Диабазаи,25 г.,29.10.2007 г.,29.10.2007 г.,621/19.09.2007 г.
287,D-000444,"”АСС инженеринг” ЕООД, гр. Търговище",Гечовското,Луковит,Ловеч,Строителни материали,Варовици,25 г.,19.10.2007 г.,19.10.2007 г.,654/09.10.2007 г.
288,D-000443,"""Холсим Кариерни Материали"" АД, гр. София",Лозница-1,Лесичово,Пазарджик,Строителни материали,Баластра,25 г.,23.11.2007 г.,23.11.2007 г.,664/16.10.2007 г.
289,D-000440,"”ДИ ВИ БИ” ООД, гр. София",Габи-2,Бобошево,Кюстендил,Строителни материали,Пясъци  и чакъли,15 г. + 15 г.,06.11.2007 г.,06.11.2007 г.,671/22.10.2007 г.
290,D-000439,"""Главно управление строителство и възстановяване"" ЕАД, гр. София",Студена - кариера ГУСВ,Перник,Перник,Строителни материали,Доломити и доломитни варовици,25 г.,05.11.2007 г.,15.03.1999 г.,641/04.10.2007 г.
291,D-000438,"""Берко-90-Берковски с-ие"" СД , гр. Сливен",Лахъма,Котел,Сливен,Строителни материали,Варовици,25 г.,13.08.2007 г.,13.08.2007 г.,447/04.07.2007 г.
292,D-000436,"""Рид"" ЕООД, гр. Гоце Делчев",Средния рид,Гоце Делчев,Благоевград,Строителни материали,Мрамори,25 г.,10.09.2007 г.,10.09.2007 г.,527/01.08.2007 г.
293,D-000435,"”ИСА БГ” АД, гр. София",Делян,"Дупница, Радомир","Кюстендил, Перник",Неметални полезни изкопаеми - индустриални минерали,доломити,35 г.,28.09.2007 г.,28.09.2007 г.,727/20.10.2006 г.
294,D-000432,"""Хайделберг Матириълс Люляка"" ЕАД, гр. Девня",Чернево - варовици,Суворово,Варна,Строителни материали,Варовици,25 г.,20.08.2007 г.,25.06.1999 г.,470/10.07.2007 г.
295,D-000431,"""Пътинженеринг"" ЕООД, гр. Пловдив",Елаците,"Стамболийски, Перущица",Пловдив,Строителни материали,Баластра,25 г.,13.08.2007 г.,13.08.2007 г.,448/04.07.2007 г.
296,D-000430,"""СМА Минерал Бургас Вар"" ЕООД, гр. Бургас",Добромир - изток,"Дългопол, Руен","Бургас, Варна",Строителни материали,Варовици,25 г. + 15 г.,23.05.2007 г.,01.06.2000 г.,240/17.04.2007 г.
297,D-000428,"""Биоминерал"" ООД, гр. Ябланица",Нановица,Ябланица,Ловеч,Скално-облицовъчни материали,Варовици,25 г. + 25 г.,28.08.2007 г.,23.04.1999 г.,543/13.08.2007 г.
298,D-000427,"""Оникс 2014"" ООД, гр. Смолян",Черничево,Симитли,Благоевград,Строителни материали,Пясъци  и чакъли,20 г.,12.07.2007 г.,12.07.2007 г.,385/05.06.2007 г.
299,D-000424,"""Биоминерал"" ООД, гр. Ябланица",Галата,Тетевен,Ловеч,Скално-облицовъчни материали,Варовици,25 г. + 25 г.,16.08.2007 г.,23.04.1999 г.,499/23.07.2007 г.
300,O-000689,"""Пролайф технолоджи"" ЕООД, гр. София",Четалеч,Мирково,София,Строителни материали,Глини и пясъци,20 г.,26.09.2007 г.,26.09.2007 г.,310/25.07.2007 г. на Общински съвет - Мирково
301,O-000792,"""Скални материали"" АД, гр. Русе",Кору чобан,Алфатар,Силистра,Строителни материали,Варовици,35 г.,25.09.2007 г.,25.09.2007 г.,292/11.09.2007 г. по Протокол 48/11.09.2007 г. на Общински съвет - Алфатар
302,D-000423,"”Димас” АД, гр. Габрово",Чириковец,Габрово,Габрово,Строителни материали,Варовици и пясъчници,25 г. + 15 г.,17.09.2007 г.,10.12.1997 г.,547/20.08.2007 г.
303,D-000421,"""Биоминерал"" ООД, гр. Ябланица",Ябланица,Ябланица,Ловеч,Скално-облицовъчни материали,Варовици,25 г. + 25 г.,16.08.2007 г.,23.04.1999 г.,508/27.07.2007 г.
304,D-000420,“Пътни строежи 2001” АД  гр. Бургас,Крушевец,Созопол,Бургас,Строителни материали,Андезити,25 г.,20.08.2007 г.,04.01.2000 г.,469/10.07.2007 г.
305,D-000419,"""Бургасвар"" ЕООД, гр. Бургас",Малко Търново,Малко Търново,Бургас,Строителни материали,Варовици,25 г.,27.04.2007 г.,01.06.2000 г.,156/15.03.2007 г.
306,D-000418,"""Мина Балкан 2000"" АД, гр. Твърдица",Твърдица,Твърдица,Сливен,Твърди горива,Въглища,20 г.,16.4.2004 г.,29.7.2004 г.,136/01.03.2004 г.
307,D-000417,"""Волф и Мюлер Минералс България"" ООД, гр. София",Верона  816/17.10.2005,"Ихтиман, Панагюрище","София, Пазарджик",Неметални полезни изкопаеми - индустриални минерали,Вермикулитова Суровина,35 г.,10.11.2005 г.,10.11.2005 г.,816/17.10.2005 г.
308,D-000416,"Ватия Холдинг АД, гр. София",Малък Гайтановец,Белово,Пазарджик,Неметални полезни изкопаеми - индустриални минерали,доломити,20 г. + 15 г. ,06.02.2007 г.,08.12.1998 г.,846/07.12.2006 г.
309,D-000415,"""Ватия Холдинг"" АД, гр. София",Побит какък,Елин Пелин,София,Неметални полезни изкопаеми - индустриални минерали,Кварцови пясъци,20 г.,06.02.2007 г.,08.12.1998 г.,847/07.12.2006 г.
310,O-000600,"""Скални материали"" АД, гр. Русе",Скала,Ценово,Русе,Строителни материали,Инертни материали,35 г.,01.02.2007 г.,01.02.2007 г.,294/31.01.2007 г. на Общиснки съвет - Ценово
311,D-000414,"""Ватия Холдинг"" АД, гр. София",Гърмище,Драгоман,София,Неметални полезни изкопаеми - индустриални минерали,Огнеупорни глини,25 г.,05.12.2006 г.,08.12.1998 г.,751/01.11.2006 г.
312,D-000413,"""Илинденски мрамор""  ООД, гр. София","Крушево, уч. Пандимон",Гърмен,Благоевград,Скално-облицовъчни материали,Шисти,25 г.,08.06.2007 г.,08.06.2007 г.,262/23.04.2007 г.
313,D-000412,"""Ватия Холдинг"" АД, гр. София",Стрелча-Мерата,Стрелча,Пазарджик,Неметални полезни изкопаеми - индустриални минерали,Пегматити,20 г. + 15 г. ,18.12.2006 г.,08.12.1998 г.,783/14.11.2006 г.
314,D-000410,"""Ватия Холдинг"" АД, гр. София","Сакар планина, у-к ""Богомил""",Харманли,Хасково,Неметални полезни изкопаеми - индустриални минерали,Кварц,20 г. + 15 г. ,18.12.2006 г.,08.12.1998 г.,782/14.11.2006 г.
315,D-000409,"”Бивар” АД, гр. Мездра",Кунино,Роман,Враца,Строителни материали,Варовици,35 г.,13.07.2007 г.,13.07.2007 г.,423/11.06.2001 г. 384/05.06.2007 г.
316,O-000684,"""Ескана"" АД, гр. Варна",Ляхово - изток,Балчик,Добрич,Строителни материали,Варовици,35 г.,07.07.2006 г.,07.07.2006 г.,"327/31.01.2006 г., прието с Протокол № 37/31.06.2006 г. на Общински съвет - Балчик"
317,D-000405,"""Марин Батуров"" ЕООД, гр.  София",Казармата,Ивайловград,Хасково,Скално-облицовъчни материали,Гнайсошисти,25 г.,30.06.2006 г.,30.06.2006 г.,398/26.05.2006 г.
318,D-000404,"""Пътстройинженеринг"" АД, с. Груево",Колибар чешма,Ивайловград,Хасково,Строителни материали,Мрамори,25 г. + 15 г.,29.06.2007 г.,27.12.1996 г.,340/16.05.2007 г.
319,O-000564,"""Скални материали"" АД, гр. Русе",Батин-канарите,Борово,Русе,Строителни материали,Варовици,35 г.,17.04.2006 г.,17.04.2006 г.,289/29.03.2006 г. по Протокол № 30/29.03.2006 г. на Общински съвет - Борово
320,O-000561,"""Пътно строителство"" АД, гр. Разград",Кубрат,Кубрат,Разград,Строителни материали,Варовици,35 г.,08.12.2005 г.,08.12.2005 г.,18/26.08.2005 г. на Общински съвет - гр. Кубрат
321,O-000670,"""Стремон 95"" ООД, гр. Първомай",Малката кория,Първомай,Пловдив,Строителни материали,Речна баластра,35 г.,20.03.2006 г.,20.03.2006 г.,331/30.01.2006 г. по Протокол № 31 на Общински съвет - гр. Първомай
322,O - K2,"""Експресстрой"" ЕООД, с. Старо Оряхово",Байрям бей,Аврен,Варна,Строителни материали,Пясък,35 г.,11.01.2006 г.,11.01.2006 г.,340/23.11.2006 г. на Общински съвет - Аврен
323,D-000402,"”Устра - Холдинг” АД, гр. Кърджали",Сушево,Момчилград,Кърджали,Строителни материали,Пясъци  и чакъли,25 г.,06.01.2006 г.,17.01.1997 г.,914/28.11.2005 г.
324,D-000401,"""Трансатлантик Фрейтърс България"" ЕООД, гр. Бургас",Инджейско блато,Несебър,Бургас,Строителни материали,Пясъци,35 г.,06.07.2005 г.,06.07.2005 г.,516/30.05.2005 г.
325,D-000400,"”Успех” АД, гр. София",Станчов връх,Луковит,Ловеч,Строителни материали,Глинести мергели,35 г.,14.01.2005 г.,17.01.1997 г.,948/03.12.2004 г.
326,D-000399,"""Технострой-инженеринг 99"" АД, гр. Ямбол",Маломир,Тунджа,Ямбол,Строителни материали,Трахибазалти,30 г.,07.07.2005 г.,07.07.2005 г.,429/12.05.2005 г.
327,D-000398,"""Технострой-инженеринг 99"" АД, гр. Ямбол",Иречеково,Стралджа,Ямбол,Строителни материали,Трахибазалти,35 г.,27.06.2005 г.,27.06.2005 г.,515/30.05.2005 г.
328,D-000397,"“Фемили - Филибев - С-ИЕ” СД, с. Банище",Крибул,Сатовча,Благоевград,Скално-облицовъчни материали,Гнайси,35 г.,12.08.2005 г.,12.08.2005 г.,633/06.07.2005 г.
329,D-000396,"“Фининвестмънт” ЕООД, гр. Варна",Цареви ливади,Суворово,Варна,Строителни материали,Варовици,25 г.,03.02.2006 г.,03.02.2006 г.,999/27.12.2005 г.
330,D-000395,"“Андезит” ООД, гр. Бургас",Кючук гьол,Карнобат,Бургас,Строителни материали,Пясъци,25 г.,06.01.2006 г.,06.01.2006 г.,915/28.11.2005 г.
331,D-000394,"“Андезит” ООД, гр. Бургас",Калов баир,Камено,Бургас,Строителни материали,Пясъци,35 г.,28.07.2005 г.,28.07.2005 г.,597/29.06.2005 г.
332,D-000685,"ЕТ ""Александър - Александър - Петър Петър Петков"", гр. Бургас",Мандра кула,Аврен,Варна,Строителни материали,Пясък,30 г.,01.06.2006 г.,01.06.2006 г.,352/2006 г. на Общински съвет - Аврен
333,D-000393,"""Диспиан - Строй"" ООД, гр. Смолян",Чифлика,"Асеновград, Садово",Пловдив,Строителни материали,Пясъци и чакъли,25 г.,17.03.2006 г.,17.03.2006 г.,71/06.02.2008 г.
334,D-000392,"""Бистрица 2002"" ЕООД гр. Гоце Делчев",Марчево,Гърмен,Благоевград,Строителни материали,Пясъци и чакъли,25 г.,17.03.2006 г.,17.03.2006 г.,72/06.02.2006 г.
335,D-000391,"""Клокотница ИМ"" ЕООД, с. Крепост",Клокотница,Димитровград,Хасково,Строителни материали,Мрамори,25 г. + 25 г.,05.01.2007 г.,25.11.2001 г.,809/23.11.2006  г.
336,D-000390,"""Баластриери"" ЕООД, гр. Пловдив",Узунпара,"Стамболийски, Родопи",Пловдив,Строителни материали,Баластра,25 г.,18.06.2007 г.,18.06.2007 г.,323/08.05.2007 г.
337,D-000389,"""Геопроучване АВ"" ООД, гр. Ямбол",Големия кайряк,Тунджа,Ямбол,Строителни материали,Варовици,25 г.,16.02.2007 г.,16.02.2007 г.,883/20.12.2006 г.
338,D-000627,"""Родна индустрия-91"" ЕООД, гр. Попово",Кариерата,Попово,Търговище,Строителни материали,Мергели,20 г.,02.11.2006 г.,02.11.2006 г.,246/31.05.2006 г. на Общински съвет - Попово
339,D-000386,"""Магма - 97"" АД, гр. София",Канарата,Тополовград,Хасково,Неметални полезни изкопаеми - индустриални минерали,Кварц-фелдшпатова Суровина,35 г.,15.04.2004 г.,15.04.2004 г.,183/18.03.2004 г.
340,D-000385,"""Ватия Холдинг"" АД, гр. София",Овчарово,Харманли,Хасково,Неметални полезни изкопаеми - индустриални минерали,Талкошисти,20 г. +15 г. ,18.12.2006 г.,08.12.1998 г.,781/14.11.2006 г.
341,D-000384,"""Лъки Инвест"" АД, гр. Лъки",Джурково,Лъки,Пловдив,Метални полезни изкопаеми,Оловно-цинкови руди,9 г. +10 г. + 5 + 26 г.,04.01.2000 г.,30.06.1999 г.,661/22.10.1999 г.
342,D-000383,"""Каолин"" ЕАД, гр. Сеново","Саръгьол - гнезда 17 и 20 (""Жълти дол"")",Каолиново,Шумен,Неметални полезни изкопаеми - индустриални минерали,Каолинова Суровина и кварцови пясъци,27 г.,18.05.1999 г.,10.01.2000 г.,88/17.02.1999 г.
343,D-000382,"""Родопи Еко Проджектс"" ЕООД, гр. Златоград","Гюдюрска,  у-к  ""Южна Петровица""","Златоград, Мадан",Смолян,Метални полезни изкопаеми,Оловно-цинкови руди,12 г. + 15 г.,14.07.2004 г.,01.07.2002 г.,495/08.06.2004 г.
344,D-000380,"""Витал Транс"" ООД,  гр. Първомай",Адата - запад,Първомай,Пловдив,Строителни материали,Баластра,18 г.,05.01.2007 г.,04.01.2007 г.,808/23.11.2006  г.
345,D-000379,"”Пътинженеринг” АД, гр. Монтана",Владимирово,Бойчиновци,Монтана,Строителни материали,Варовици,25 г.,10.05.2007 г.,17.01.1997 г.,197/27.03.2007 г.
346,D-000378,"""Пътинженерингстрой - Т"" АД, гр. Търговище",Лиляк,Търговище,Търговище,Строителни материали,Варовици,25 г.,23.04.2007 г.,16.04.2004 г.,154/13.08.2007 г.
347,D-000377,"”БДС” ЕООД, гр. София",Благов камък,Бобошево,Кюстендил,Строителни материали,Варовици,25 г.,04.01.2007 г.,04.01.2007 г.,811/23.11.2006 г.
348,D-000375,"”Пътстройинженеринг” АД, с. Груево",Джебел,Момчилград,Кърджали,Строителни материали,Базалтоандезити и анде-зитови туфобрекчи,25+ 15 г.,18.04.2007 г.,27.12.1996 г.,155/13.03.2007 г.
349,D-000374,"""Ойровер"" ЕООД, гр. София",Ливаде,Ихтиман,София,Неметални полезни изкопаеми - индустриални минерали,Вермикулитова Суровина,20 г. + 30 г.,16.02.2007 г.,16.02.2007 г.,854/08.12.2006 г.
350,D-000372,"""Инмат 2004"" ООД, гр. Сливен",Събини върби - север,Сливен,Сливен,Строителни материали,Пясъци  и чакъли,20 г.,12.2.2007 г.,12.2.2007 г.,876/18.12.2006 г.
351,D-000369,"""Беттран"" АД, гр. Хасково",Крепост у-к-Бъзка чука - Югозапад и у-к Бъзка чука - Изток,Димитровград,Хасково,Строителни материали,Мраморизирани варовици,25 г.,05.01.2007 г.,22.01.1999 г.,810/23.11.2006  г.
352,D-000368,"""Кремена Стоун"" ООД, гр. София",Кремена-Пападопулос,Мездра,Враца,Скално-облицовъчни материали,Варовици,25 г.,08.12.2006 г.,08.12.2006 г.,752/01.11.2006 г.
353,D-000366,"""Кариери и вародобив"" АД, гр. Земен","Земен, уч. Турско усое",Земен,Перник,Строителни материали,Варовици,25 г. + 15 г.,12.2.2007 г.,17.01.1997 г.,878/18.12.2006 г.
354,D-000365,"""Керамика Бургас"" АД, гр. Бургас",Соката,Бургас,Бургас,Строителни материали,Глинести мергели,25 г. + 25 г.,05.01.2007 г.,17.01.1997 г.,812/23.11.2006  г.
355,D-000359,"""Инертни материали - Ямбол"" АД , гр. Ямбол",Гърлата,"Тунджа, Ямбол",Ямбол,Строителни материали,Пясъци  и чакъли,35 г.,29.07.2005 г.,23.04.1999 г.,598/29.06.2005 г.
356,D-000357,"""ИСА 2000"" ЕООД, гр. София",Аламура,Стара Загора,Стара Затора,Строителни материали,Варовици и долерити,10 г. + 15 г.,09.02.2005 г.,09.02.2005 г.,390/10.05.2004 г. 619/17.09.2007 г.
357,D-000350,"""Инмат Козарево"" ООД, гр. София",Козарево (участък Козарево-1 и участък Козарево-2),Тунджа,Ямбол,Строителни материали,Андезити,35 г.,22.08.2006 г.,14.02.2002 г.,919/23.11.2004 г.
358,D-000349,"”Маказа” ЕООД, с. Подкова",Асара,Кирково,Кърджали,Строителни материали,Андезити,10 г. + 15 г. ,27.05.2005 г.,27.05.2005 г.,312/26.04.2005 г.
359,D-000348,"""Хайделберг Матириълс Люляка"" ЕАД, гр. Девня",Дренака запад - у-к Запад,Девня,Варна,Строителни материали,Пясъци,35 г.,07.07.2005 г.,07.07.2005 г.,517/30.05.2005 г.
360,D-000347,"""Бекастрой"" ЕАД, гр. Самоков",Идринизица,Самоков,София,Строителни материали,Пясъци и чакъли,35 г.,12.05.2005 г.,12.05.2005 г.,243/05.04.2005 г.
361,D-000345,"""Хидроеко Пим"" ООД, гр. София",Хидроекопим - 1,Столична,София /столица/,Строителни материали,Пясъци,35 г.,07.12.2005 г.,07.12.2005 г.,833/26.10.2005 г.
362,D-000344,"""Трейс БГ"" ЕООД, гр. София",Винарово,Чирпан,Стара Загора,Строителни материали,Варовици,35 г.,16.09.2005 г.,17.01.1997 г.,703/09.08.2005 г.
363,D-000342,"""Инермат"" АД, гр. Стара Загора",Братя Кунчеви,Стара Загора,Стара Загора,Строителни материали,Андезитов туфи,25 г. + 15 г.,30.06.2006 г.,22.11.1999 г.,361/18.05.2006 г.
364,D-000341,"""Каолин"" ЕАД, гр. Сеново",Свобода,Чирпан,Стара Загора,Неметални полезни изкопаеми - индустриални минерали,Варовици,35 г.,15.07.2005 г.,15.07.2005 г.,596/29.06.2005 г.
365,D-000340,"""Пим Минерал"" ЕООД, гр. Хасково",Крепост у-к-Запад,Димитровград,Хасково,Строителни материали,Мрамори,30 г.,25.04.2005 г.,25.04.2005 г.,189/14.03.2005 г.
366,D-000339,"""Такси Рони"" ЕООД, гр. Сливен",Кирмец,Сливен,Сливен,Строителни материали,Пясъци,30 г.,12.04.2005 г.,12.04.2005 г.,160/08.03.2005 г.
367,D-000338,"""Мив Кънстракшън"" ЕАД, гр. София",Кубратово - 1,Столична,София /столица/,Строителни материали,Пясъци  и чакъли,35 г.,29.08.2005 г.,29.08.2005 г.,672/20.07.2005 г.
368,D-000337,“Шербетов - М” Гоце делчев,Кокошките,Хаджидимово,Благоевград,Строителни материали,Пясъци и чакъли,25 г.,12.04.2005 г.,12.04.2005 г.,167/08.03.2005 г.
369,D-000336,"""Ватия Холдинг"" АД, гр. София",Подгумер,Столична,София /столица/,Неметални полезни изкопаеми - индустриални минерали,Кварцови пясъци,19 г.,06.04.2006 г.,08.12.1998 г.,127/08.03.2006 г.
370,D-000335,"“ТБМ-2000” ЕООД, гр. Монтана",Ерден,Бойчиновци,Монтана,Строителни материали,Варовици,25 г.,04.02.2005 г.,04.02.2005 г.,1019/22.12.2004 г.
371,D-000334,"""Баластриери"" ЕООД, гр. Пловдив",Яковия чифлик,Асеновград,Пловдив,Строителни материали,Пясъци и чакъли,35 г.,28.01.2005 г.,28.01.2005 г.,980/13.12.2004 г.
372,D-000332,"""ПСТ Видин"" ЕООД, гр. Видин",Ошане,Белоградчик,Видин,Строителни материали,Габродиабази,25 г.,21.02.2005 г.,21.02.2005 г.,773/28.09.2004 г. и 15/12.01.2005 г.
373,D-000329,"“Алпа-2000” ООД, гр. София",Дебела могила,Радомир,Перник,Строителни материали,Доломити,25 г.,04.02.2005 г.,04.02.2005 г.,1017/22.12.2004 г.
374,D-000327,"""Гранд Енерджи"" ЕООД, гр. София","Бобов долски въглищен басейн, у-к „Бобов дол”","Бобов дол, Радомир, Дупница","Кюстендил, Перник",Твърди горива,Въглища,35 г.,24.3.2005 г.,24.3.2005 г.,78/09.02.2005 г.
375,D-000326,"""Мина Станянци"" АД, гр. София",Станянци,Годеч,София,Твърди горива,Въглища,25 г.,25.05.2002 г.,15.04.2002г.,211/15.04.2002 г.
376,D-000325,"""Мин Индъстри"" ЕООД, гр. Перник",Пернишки въглищен басейн,"Перник, Брезник, Столична","Перник, София /столица/",Твърди горива,Кафяви въглища,10 г. + 15 г.,18.12.2003 г.,13.08.2004 г.,780/12.11.2003 г.
377,D-000324,"”Траш Енерджи” ЕООД, гр. Сливен","Бобов долски въглищен басейн” – уч. „Миньор”, обл. Кюстендил",Бобов дол,Кюстендил,Твърди горива,Кафяви въглища,35 г.,23.06.2004 г.,26.07.2005 г.,102/18.02.2004 г.
378,D-000322,"""Канина"" ЕООД, гр. Перник","Гоцеделчевски въглищен басейн, у-к ""Канина""",Гърмен,Благоевград,Твърди горива,Лигнитни въглища,35 г.,17.12.2004 г.,27.5.2005 г.,693/07.10.2003 г.
379,D-000319,"""Мина Бели брег"" АД, с. Габер",Бели брег,Драгоман,София,Твърди горива,Въглища,35 г.,13.6.2002 г.,01.11.2001 г.,233/19.04.2002 г.
380,D-000318,"""Комет инвест"" ООД, с. Одраница, обл. Перник","Пернишки въглищен басейн,  у-к „Бела вода”",Перник,Перник,Твърди горива,Въглища,35 г.,01.04.2002 г.,18.03.2002 г.,481/29.06.2001 г.
381,D-000317,"""Въгледобив Бобов дол"" ЕООД, гр. Перник","Бобов долски въглищен басейн, у-к ""Бабино""","Бобов дол, Радомир","Кюстендил, Перник",Твърди горива,Въглища,35 г.,24.5.2005 г.,24.5.2005 г.,79/09.02.2005 г.
382,D-000315,"""Мина Черно море - Бургас"" АД, гр. Поморие",Черноморски въглищен басейн,"Бургас, Поморие",Бургас,Твърди горива,Кафяви въглища,35 г.,17.01.2003 г.,14.7.2003 г.,847/19.12.2002 г.
383,D-000314,"”Проучване и добив на нефт и газ” АД, гр. София",Дуранкулак,Шабла,Добрич,Нефт и природен газ,Природен газ,7 г. +15 г.,29.7.2004 г.,13.08.2003 г.,524/23.06.2004 г.
384,D-000313,"""Проучване и добив на нефт и газ"" АД, гр. София",Българево,Каварна,Добрич,Нефт и природен газ,Природен газ,35 г.,12.9.2003 г.,13.08.2003 г.,540/30.07.2003 г.
385,D-000312,"”Проучване и добив на нефт и газ” АД, гр. София",Бърдарски геран,Кнежа,Плевен,Нефт и природен газ,Суров нефт,8 г. +15 г.,12.9.2003 г.,13.08.2003 г.,539/30.07.2003 г.
386,D-000311,"""Проучване и добив на нефт и газ"" АД, гр. София",Староселци,Искър,Плевен,Нефт и природен газ,Суров нефт,13 г. + 15 г.,12.9.2003 г.,13.08.2003 г.,541/30.07.2003 г.
387,D-000310,"""Проучване и добив на нефт и газ"" АД, гр. София",Горни Дъбник,Долни Дъбник,Плевен,Нефт и природен газ,Суров нефт,17 г. + 15 г.,12.9.2003 г.,13.08.2003 г.,542/30.07.2003 г.
388,D-000309,"”Проучване и добив на нефт и газ” АД, гр. София",Селановци,Оряхово,Враца,Нефт и природен газ,Суров нефт и Природен газ,9 г. +15 г.,12.9.2003 г.,13.08.2003 г.,538/30.07.2003 г.
389,D-000308,"""Проучване и добив на нефт и газ"" АД, гр. София",Долни Луковит - запад,Кнежа,Плевен,Нефт и природен газ,Суров нефт,9 г. +10 г. + 16 г.,12.9.2003 г.,13.08.2003 г.,543/30.07.2003 г.
390,D-000307,"""Проучване и добив на нефт и газ"" АД, гр. София",Маринов геран,"Кнежа, Оряхово","Плевен, Враца",Нефт и природен газ,Суров нефт и Природен газ,7 г. + 15 г.,30.4.2004 г.,13.08.2003 г.,180/17.03.2004 г.
391,D-000306,"""Проучване и добив на нефт и газ"" АД, гр. София",Долни Луковит,Искър,Плевен,Нефт и природен газ,Суров нефт,18 г. + 15 г.,12.9.2003 г.,13.08.2003 г.,544/30.07.2003 г.
392,D-000305,"”Проучване и добив на нефт и газ” АД, гр. София",Бутан - юг,"Козлодуй, Мизия",Враца,Нефт и природен газ,Суров нефт и Природен газ,10 г. + 15 г.,29.6.2004 г.,01.10.2003 г.,552/30.06.2004 г.
393,D-000304,"""Проучване и добив на нефт и газ"" АД, гр. София",Долни Дъбник,"Долни Дъбник, Плевен",Плевен,Нефт и природен газ,Суров нефт и Природен газ,17 г. + 15 г.,12.9.2003 г.,13.08.2003 г.,537/30.07.2003 г.
394,D-000301,"“ЗСК-Девня” АД, гр. Девня, Варна",Нова Шипка у-к Южен,Долни Чифлик,Варна,Строителни материали,Пясъци и чакъли,30 г.,30.07.2004 г.,30.07.2004 г.,521/21.06.204 г.
395,D-000300,"""Хайделберг Матириълс Люляка"" ЕАД, гр. Девня",Люляка,Суворово,Варна,Строителни материали,Мергели,30 г.,17.01.2005 г.,29.01.1999 г.,966/10.12.2004 г.
396,D-000297,"“Порт ойл” ООД, гр. Бургас",Браница,Камено,Бургас,Строителни материали,Вулканити,35 г.,15.03.2005 г.,15.03.2005 г.,67/04.02.2005 г.
397,D-000296,"”Керамика Аспида” ООД, гр. София",Дуката,Берковица,Монтана,Неметални полезни изкопаеми - индустриални минерали,Пегматоидни левкократни гранити,35 г.,09.03.2006 г.,09.03.2006 г.,73/06.02.2006 г.
398,D-000295,"""Рамово"" ООД, гр. София",Сухата река,"Велинград, Ракитово",Пазарджик,Неметални полезни изкопаеми - индустриални минерали,Пегматити,35 г.,27.01.2006 г.,27.01.2006 г.,951/13.12.2005 г.
399,D-000294,"""Илинденци-мрамор"" ЕАД, с. Илинденци",Илинденци,Струмяни,Благоевград,Скално-облицовъчни материали,Мрамори,35 г.,07.09.1999 г.,25.7.2001 г.,6/05.01.1999 г.
400,D-000293,"""Проект Строй 1"" ЕООД, гр. Плевен",Гложене-Нановица,"Тетевен, Ябланица","Тетевен, Ловеч",Строителни материали,Варовици,35 г.,28.02.2005 г.,17.01.1997 г.,982/13.12.2004 г.
401,D-000291,"“Андезит” ООД, гр. Бургас",Българово -юг,Бургас,Бургас,Строителни материали,Българити,35 г.,15.02.2005 г.,10.08.2000 г.,965/10.12.2004 г.
402,D-000288,"“Керамат” АД, гр. Каспичан",Килик,"Каспичан, Нови пазар",Шумен,Строителни материали,Мергели,35 г.,03.02.2005 г.,06.07.1999 г.,1018/22.12.2004 г.
403,D-000287,"""Проект Строй 1"" ЕООД, гр. Плевен",Горно Павликени 88,Ловеч,Ловеч,Строителни материали,Варовици,35 г.,28.02.2005 г.,17.01.1997 г.,46/25.01.2005 г.
404,D-000285,"“Андезит” ООД, гр. Бургас","Българово-""Север""",Бургас,Бургас,Строителни материали,Българити,35 г.,12.01.2005 г.,10.08.2000 г.,981/13.12.2004 г.
405,D-000282,"""Витез Проспект"" АД, гр. София ",Студена - участък ІІІ,Перник,Перник,Строителни материали,Доломитизирани варовици и доломити,25 г. + 25 г.,21.12.2004 г.,08.03.2000 г.,888/10.11.2004 г.
406,D-000281,"""Кариера Смолско"" ЕООД, гр. София",Смолско,Мирково,София,Строителни материали,Варовици,25 г. + 9 г.,21.12.2004 г.,08.03.2000 г.,889/10.11.2004 г.
407,D-000280,"""Родопи Еко Проджектс"" ЕООД, гр. Златоград",Андроу-Шумачевси дол,Златоград,Смолян,Метални полезни изкопаеми,Оловно-цинкови руди,35 г.,20.12.2004 г.,01.07.2002 г.,886/10.11.2004 г.
408,D-000279,"“СК-13 Пътстрой” АД, гр. Перник",Студена-І,Перник,Перник,Строителни материали,Варовици,25 г.,08.12.2004 г.,17.01.1997 г.,728/09.09.2004 г.
409,D-000278,"""Витез Проспект"" АД, гр. София ",Скравена,Ботевград,София,Строителни материали,Доломити,25 г. + 25 г.,21.12.2004 г.,08.03.2000 г.,887/10.11.2004 г.
410,D-000277,"""Странджа Майнинг"" АД, гр. Исперих","Малко Търново, у-к ""Бърдце""",Малко Търново,Бургас,Неметални полезни изкопаеми - индустриални минерали,Кварц-фелдшпатови пясъчници,25 г.,29.11.2004 г.,29.11.2004 г.,54/27.01.2004 г.
411,D-000276,"“Кариера Драгоево” АД, с. Лозево",Драгоево,Велики Преслав,Шумен,Строителни материали,Варовици,35 г.,25.11.2004 г.,13.03.2000 г.,833/20.10.2004 г.
412,D-000274,"“СК-13 Пътстрой” АД, гр. Перник",Студена у-к ІІ,Перник,Перник,Строителни материали,Доломити и варовици,25 г.,10.11.2004 г.,17.01.1997 г.,776/28.09.2004 г.
413,D-000273,"“Хидрострой-Сестримо” ЕООД, гр. Пловдив",Ели дере,Септември,Пазарджик,Строителни материали,Пясъци и чакъли,10 г. + 15 г.,10.11.2004 г.,01.06.2000 г.,770/28.09.2004 г.
414,D-000272,"""Хайделберг Матириълс Люляка"" ЕАД, гр. Девня",Чернево,"Девня, Суворово",Варна,Строителни материали,Мергели,35 г.,10.11.2004 г.,29.01.1999 г.,775/28.09.2004 г.
415,D-000270,"""ПСТ Видин"" ЕООД, гр. Видин",Гранитово,"Белоградчик, Димово",Видин,Строителни материали,Варовици,25 г.,04.11.2004 г.,19.01.2000 г.,769/28.09.2004 г.
416,D-000269,"""СМА Минерал Бургас вар"" ЕООД, гр. Бургас",Троица,Велики Преслав,Шумен,Строителни материали,Варовици,25 г.,01.11.2004 г.,15.08.1999 г.,729/09.09.2004 г.
417,D-000268,"“Пътища” АД, гр. Пазарджик",Гергьовица,Пещера,Пазарджик,Строителни материали,Мрамори,25 г. + 15 г.,01.11.2004 г.,27.12.1996 г.,726/09.09.2004 г.
418,D-000266,"""СМА Минерал Бургас вар"" ЕООД, гр. Бургас",Пърженака,Димитровград,Хасково,Неметални полезни изкопаеми - индустриални минерали,Варовици,25 г.,26.10.2004 г.,26.10.2004 г.,799/06.10.2004 г.
419,D-000264,"“Пътстройинженеринг"" АД, гр.  Враца",Чирен,Враца,Враца,Строителни материали,Варовици,25 г.,25.10.2004 г.,17.01.1997 г.,725/09.09.2004 г.
420,D-000263,"""Пиринстройинженеринг"" ЕАД, гр. Благоевград",Пещерата,Благоевград,Благоевград,Строителни материали,Варовици,25 г.,14.10.2004 г.,21.07.2000 г.,712/02.09.2004 г.
421,D-000261,"""Магма - 97"" АД, гр. София",Канарата - Запад,Тополовград,Хасково,Неметални полезни изкопаеми - индустриални минерали,Кварц-фелдшпатова Суровина,35 г.,04.10.2004 г.,04.10.2004 г.,678/24.08.2004 г.
422,D-000259,"""Ел-Дан Инвест"" ЕООД, гр. София",Конак Тарла,"Стралджа, Котел","Ямбол, Сливен",Строителни материали,Глини,35 г.,03.09.2004 г.,03.09.2004 г.,599/ 21.07.2004 г.
423,D-000258,"""Ел-Дан Инвест"" ЕООД, гр. София",Блатото,"Стралджа, Карнобат","Ямбол, Бургас",Строителни материали,Глини,35 г.,03.09.2004 г.,03.09.2004 г.,600/21.07.2004 г.
424,D-000256,"“Булстоун” ЕООД, гр. Враца",Мизия,Мездра,Враца,Скално-облицовъчни материали,Варовици,25 г.,16.08.2004 г.,16.08.2004 г.,566/07.07.2004 г.
425,D-000255,"""БМ Бомил"" ЕООД, гр. Бургас",Дядово Бомил,Нова Загора,Сливен,Строителни материали,Доломити,25 г.,16.08.2004 г.,16.08.2004 г.,274/08.04.2004 г. 576/12.04.2004 г.
426,D-000254,"""Родопи Еко Проджектс"" ЕООД, гр. Златоград","Мързян,  у-к ""Мързян-Север""","Златоград, Мадан",Смолян,Метални полезни изкопаеми,Оловно-цинкови руди,35 г.,14.07.2004 г.,01.07.2002 г.,494/08.06.2004 г.
427,D-000253,"“Бистрица” ООД, гр. Благоевград","Вълково, у-к ""Зад дигата""",Сандански,Благоевград,Строителни материали,Пясъци и чакъли,10 г. + 15 г.,14.07.2004 г.,14.07.2004 г.,481/ 04.06.2004 г.
428,D-000252,"“Водно строителство- Силистра” АД, гр.Силистра",Ястребна,Ситово,Силистра,Строителни материали,Варовици,35 г.,09.07.2004 г.,09.07.2004 г.,518/03.07.2001 г.
429,D-000251,"“МСЕ-2001” ООД, гр. София",Селимица,Столична,София /столица/,Строителни материали,Пясъци и чакъли,15 г. + 15 г.,09.07.2004 г.,09.07.2004 г.,467/31.05.2004 г.
430,D-000248,"""Гранит, мрамор, варовик"" ЕООД, гр. София",Божема,Средец,Бургас,Скално-облицовъчни материали,Граносиенити,25 г.,25.06.2004 г.,25.06.2004 г.,405/17.05.2004 г.
431,D-000247,"""Илинденски мрамор"" ООД, гр. София",Тевни дол,Благоевград,Благоевград,Неметални полезни изкопаеми - индустриални минерали,Барит,12 г. + 12 г.,24.06.2004 г.,24.06.2004 г.,406/17.05.2004 г.
432,D-000246,"""Холсим Кариерни Материали Рудината"" АД, гр. София",Рудината,Столична,София /столица/,Строителни материали,Доломитизирани варовици,35 г.,21.06.2004 г.,17.01.1997 г.,391/10.05.2004 г.
433,D-000244,"“Бистрица” ООД, гр. Благоевград",Кочериново,Кочериново,Кюстендил,Строителни материали,Пясъци и чакъли,25 г.,20.05.2004 г.,20.05.2004 г.,276/08.04.2004 г.
434,D-000243,"“Бистрица” ООД, гр. Благоевград",Благоевград,Благоевград,Благоевград,Строителни материали,Пясъци и чакъли,25 г.,20.05.2004 г.,20.05.2004 г.,277/08.04.2004 г.
435,D-000242,"“Мрамор риолит - Б” АД, гр. Брацигово, Пазарджик",Казаните - 2,Пазарджик,Пазарджик,Скално-облицовъчни материали,Риолити,25 г.,20.05.2004 г.,20.05.2004 г.,279/08.04.2004 г.
436,D-000241,"“Мрамор риолит - Б” АД, гр. Брацигово, Пазарджик",Казаните - 1,Пазарджик,Пазарджик,Скално-облицовъчни материали,Риолити,25 г.,20.05.2004 г.,20.05.2004 г.,278/08.04.2004 г.
437,D-000239,"""Магма - 97"" АД, гр. София",Мелница,Тополовград,Хасково,Неметални полезни изкопаеми - индустриални минерали,Доломитни мрамори,35 г.,15.07.2005 г.,15.07.2005 г.,595/29.06.2005 г.
438,D-000235,"“Гипс Кошава” АД, гр. Видин",Кошава,Видин,Видин,Строителни материали,Гипс,35 г.,26.04.2004 г.,15.6.2005 г.-датата на прехвърляне собствеността по приват.д-р,181/17.03.2004 г.
439,D-000234,"""Магма - 97"" АД, гр. София",Устрем,Тополовград,Хасково,Неметални полезни изкопаеми - индустриални минерали,Фелдшпатова Суровина,35 г.,15.04.2004 г.,15.04.2004 г.,182/17.03.2004 г.
440,D-000233,"“Благоустройствени строежи” ЕООД, гр. Сливен",Самуилово- изток,Сливен,Сливен,Строителни материали,Пясъци и чакъли,25 г.,19.03.2004 г.,19.03.2004 г.,91/16.02.2004  г.
441,D-000232,"""Глинохум"" ЕООД, гр. Перник",Елов дол - Запад,Земен,Перник,Неметални полезни изкопаеми - индустриални минерали,Огнеупорни и керамични глини,35 г.,10.03.2004 г.,10.03.2004 г.,53/27.01.2004 г.
442,D-000228,"”Геонет”  ЕООД, гр. София",Капаклък,Кърджали,Кърджали,Неметални полезни изкопаеми - индустриални минерали,Туфити,35 г.,23.12.2003 г.,23.12.2003 г.,829/25.11.2003 г.
443,D-000227,"""Каолин"" ЕАД, гр. Сеново",Кирешлика,Димитровград,Хасково,Неметални полезни изкопаеми - индустриални минерали,Варовици,35 г.,05.11.2003 г.,05.11.2003 г.,684/30.09.2003 г.
444,D-000226,"""Каолин"" ЕАД, гр. Сеново",Саръгьол - 21 гнездо,Каолиново,Шумен,Неметални полезни изкопаеми - индустриални минерали,Кварц-каолинова Суровина,35 г.,05.11.2003 г.,12.01.2000 г.,697/07.10.2003 г.
445,О-000985,"ЕТ ""Морски бряг - Атанаска Василева"", гр. Варна",Маница,Варна,Варна,Строителни материали,Пясък,15 г. + 15 г.,03.10.2003 г.,03.10.2003 г.,"812-3/29.03.2001 г., 2272-4/17.12.2002 г. и 2767-3; 809/27.12.2019 г."
446,O-000466,"""Хидрострой"" АД, гр. София",Калиманци,Суворово,Варна,Строителни материали,Пясък,15 г. + 15 г.,24.09.2003 г.; Анекс № 1/08.05.2018 г.,01.10.2003 г.,8-62/030.07.2003 г. на Общински съвет - Суворово; РМС № 826/29.12.2017 г. за привеждане в съответствие със ЗПБ
447,D-000224,"“Транскомплект инженеринг” АД, гр. София",Долни Богров ІІ,Столична,София /столица/,Строителни материали,Пясъци и чакъли,35 г.,08.09.2003 г.,08.09.2003 г.,549/31.07.2003 г.
448,D-000222,"ЕТ “САМ – ДПД – Димитър Димитров”, гр. София",Исланица,Горна Малина,София,Строителни материали,Пясъчници,20 г.,08.09.2003 г.,08.09.2003 г.,548/31.07.2003 г.
449,D-000221,"""Ирида 2003"" ООД, гр. Пазарджик",Градище 2,Септември,Пазарджик,Строителни материали,Пясъци и чакъли,25 г.,08.09.2003 г.,08.09.2003 г.,546/31.07.2003 г.  511/05.08.2008 г.
450,D-000220,"“МЕМ - 2000” ЕООД, гр. Пловдив",Долна махала,Калояново,Пловдив,Строителни материали,Пясъци и чакъли,30 г.,08.09.2003 г.,08.09.2003 г.,545/31.07.2003 г.
451,D-000218,"""Гравелита"" ООД, гр. София",Ралица,Стамболово,Хасково,Неметални полезни изкопаеми - индустриални минерали,Бентонитов глини,35 г.,22.08.2003 г.,22.08.2003 г.,482/10.07.2003 г.
452,O-000441,"""Балканагросервиз"" ЕООД, гр. Своге",Искрец,Своге,София,Строителни материали,Вар,25 г.,28.07.2003 г.,28.07.2003 г.,91/30.05.2003 г. на Общински съвет - Своге; РМС № 281/2016 г. за привеждане в съответствие със ЗПБ
453,D-000216,"”Стройкерамика” АД, гр. Мездра",Черешата,Враца,Враца,Строителни материали,Глинести мергели,35 г.,26.06.2003 г.,26.06.2003 г.,224/10.04.2003 г.
454,D-000215,"""MБС"" ЕАД, гр. София",Хвостохранилище Медет,"Златица, Пирдоп",София,Минни отпадъци,Производствени технологични отпадъци,35 г.,16.06.2003 г.,16.06.2003 г.,330/30.04.2003 г.
455,D-000206,"""Каолин"" ЕАД, гр. Сеново",Есенниците-VІІІ участък,Вeтово,Русе,Неметални полезни изкопаеми - индустриални минерали,Кварц-каолинова Суровина,35 г.,25.02.2003 г.,12.01.2000 г.,36/21.01.2003 г.
456,D-000205,"""Гравелита"" ООД, гр. София",Керемидките - у-к І,Стамболово,Хасково,Неметални полезни изкопаеми - индустриални минерали,Кварц-фелдшпатови глинести пясъчници,35 г.,27.12.2002 г.,27.12.2002 г.,716/06.11.2002 г.
457,D-000204,"“Пътни строежи – Велико Търново” АД, гр. Велико Търново",Шереметя –у-к Запад,"Велико Търново, Лясковец",Велико Търново,Строителни материали,Варовици,35 г.,27.12.2002 г.,16.06.2003 г. - от прехв. собств. по приват.дог.,670/17.10.2002 г.
458,D-000203,"“Пътни строежи – Велико Търново” АД, гр. Велико Търново",Русаля,Велико Търново,Велико Търново,Строителни материали,Варовици,35 г.,27.12.2002 г.,16.06.2003 г. - от прехв. собств. по приват.дог.,669/17.10.2002 г.
459,D-000198,"""Ведена"" ООД, гр. Разград",Куза,Стамболово,Хасково,Неметални полезни изкопаеми - индустриални минерали,Олигомикти,30 г.,11.09.2002 г.,11.09.2002 г.,703/25.10.2001 г.
460,D-000195,"""Холсим – Кариерни материали"" АД, гр. София",Пет могили- изток,Столична,София /столица/,Строителни материали,Пясъци и чакъли,20 г. + 15 г. ,07.06.2002 г.,07.06.2002 г.,246/23.04.2002 г.
461,D-000192,"""Холсим – Кариерни материали"" АД, гр. София",Негован,Столична,София /столица/,Строителни материали,Пясъци и чакъли,18 г. + 15 г.,07.06.2002 г.,07.06.2002 г.,244/23.04.2002 г.
462,D-000191,"""Холсим – Кариерни материали"" АД, гр. София",Чепинци,Столична,София /столица/,Строителни материали,Пясъци и чакъли,35 г.,07.06.2002 г.,07.06.2002 г.,245/23.04.2002 г.
463,D-000190,"""Геонет""  ЕООД, гр. София",Билкета,"Стамболово, Харманли",Хасково,Неметални полезни изкопаеми - индустриални минерали,Кварц-фелдш.пясъци,35 г.,30.05.2002 г.,30.05.2002 г.,207/12.04.2002 г.
464,D-000183,"“Андезит” ООД, гр. Бургас",Горно Езерово,"Камено, Бургас",Бургас,Строителни материали,Андезити и андезитови  туфи,35 г.,26.11.2001 г.,10.08.2000 г.,685/16.10.2001 г.
465,D-000182,"“Андезит” ООД, гр. Бургас",Новоселци-ІІІ,Камено,Бургас,Строителни материали,Пясъци и чакъли,35 г.,26.11.2001 г.,10.08.2000 г.,686/16.10.2001 г.
466,D-000181,"“Андезит” ООД, гр. Бургас",Галата,Карнобат,Бургас,Строителни материали,Базалтови туфи,35 г.,26.11.2001 г.,10.08.2000 г.,684/16.10.2001 г.
467,D-000176,"""Огнеупорни глини"" АД, гр. Плевен",Сухият кладенец,Плевен,Плевен,Неметални полезни изкопаеми - индустриални минерали,Огнеупорна пръст,25 г.,18.07.2001 г.,06.08.1999 г.,413/06.06.2001 г.
468,D-000175,"""Огнеупорни глини"" АД, гр. Плевен",Славяново,"Плевен, Пордим",Плевен,Неметални полезни изкопаеми - индустриални минерали,Каменинови глини,25 г.,18.07.2001 г.,06.08.1999 г.,408/06.06.2001 г.
469,D-000174,"""Огнеупорни глини"" АД, гр. Плевен",Искър,Долна Митрополия,Плевен,Неметални полезни изкопаеми - индустриални минерали,Кварц-фелдш.пясъци,25 г.,18.07.2001 г.,06.08.1999 г.,412/06.06.2001 г.
470,D-000173,"""Огнеупорни глини"" АД, гр. Плевен",Чучура,Плевен,Плевен,Неметални полезни изкопаеми - индустриални минерали,Огнеупорна глини,25 г.,18.07.2001 г.,06.08.1999 г.,410/06.06.2001 г.
471,D-000172,"""Огнеупорни глини"" АД, гр. Плевен",Бръшляница,Плевен,Плевен,Неметални полезни изкопаеми - индустриални минерали,Огнеупорна пръст,25 г.,18.07.2001 г.,06.08.1999 г.,409/06.06.2001 г.
472,D-000170,"""Огнеупорни глини"" АД, гр. Плевен",Бяла вода,Белене,Плевен,Неметални полезни изкопаеми - индустриални минерали,Креда,25 г.,18.07.2001 г.,06.08.1999 г.,411/06.06.2001 г.
473,D-000168,"“Дионисомарбле България” ЕООД, гр. София",Дионисо,Мездра,Враца,Скално-облицовъчни материали,Варовици,30 г.,03.07.2001 г.,03.07.2001 г.,332/14.05.2001 г.
474,D-000166,"""Автомагистрали - Черно море"" АД, гр. Шумен",Върли бряг,Бургас,Бургас,Строителни материали,Андезитобазалти,35 г.,27.06.2001 г.,26.12.1996 г.,334/14.05.2001 г.
475,D-000165,"""Автомагистрали - Черно море"" АД, гр. Шумен",Кралево,Търговище,Търговище,Строителни материали,Варовици,35 г.,27.06.2001 г.,26.12.1996 г.,392/01.06.2001 г.
476,D-000164,"""Автомагистрали - Черно мор""е АД, гр. Шумен",Каровча,Девня,Варна,Строителни материали,Варовици,35 г.,27.06.2001 г.,26.12.1996 г.,335/14.052001 г.
477,D-000163,"""Автомагистрали - Черно море"" АД, гр. Шумен",Хитрино,Хитрино,Шумен,Строителни материали,Варовици,25 г.,27.06.2001 г.,26.12.1996 г.,333/14.052001 г.
478,D-000161,"“Транскомплект инженеринг” АД, гр. София",Кривина,Столична,София /столица/,Строителни материали,Пясъци и чакъли,25 г.,25.06.2001 г.,25.06.2001 г.,429/11.06.2001 г.
479,D-000158,"“Ескана” АД, гр. Варна",Сини вир,Дългопол,Варна,Строителни материали,Варовици,35 г.,10.05.2001 г.,10.05.2001 г.,243/10.04.2001 г.
480,D-000157,"“Ескана” АД, гр. Варна",Ветрино,"Ветрино, Провадия",Варна,Строителни материали,Пясъци,35 г.,10.05.2001 г.,10.05.2001 г.,241/10.04.2001 г.
481,D-000156,"“Ескана” АД, гр. Варна",Варненско езеро,Варна,Варна,Строителни материали,Пясъци,35 г.,10.05.2001 г.,10.05.2001 г.,242/10.04.2001 г.
482,D-000155,"“Ескана” АД, гр. Варна",Старо Оряхово,Долни чифлик,Варна,Строителни материали,Варовици,35 г.,10.05.2001 г.,10.05.2001 г.,245/10.04.2001 г.
483,D-000154,"“Ескана” АД, гр. Варна",Садово,Аврен,Варна,Строителни материали,Пясъци,35 г.,10.05.2001 г.,10.05.2001 г.,246/10.04.2001 г.
484,D-000153,"“Ескана” АД, гр. Варна",Марциана,Девня,Варна,Строителни материали,Варовици,35 г.,10.05.2001 г.,10.05.2001 г.,244/10.04.2001 г.
485,D-000152,"“Артескос” АД, гр. Пловдив",Чуките,Хасково,Хасково,Строителни материали,Латитоандезити,20 г. + 15 г. ,04.05.2001 г.,02.12.1998 г.,209/04.04.2001 г.
486,D-000151,"“Артескос” АД, гр. Пловдив",Долно Черковище,Стамболово,Хасково,Строителни материали,Пясъци и чакъли,15 г. + 15 г.,04.05.2001 г.,02.12.1998 г.,208/04.04.2001 г.
487,D-000150,"""Трейс БГ"" ЕООД, гр. София",Змеево,Стара Загора,Стара Загора,Строителни материали,Варовици и доломити,35 г.,04.05.2001 г.,04.05.2001 г.,165/28.03.2001 г.
488,D-000149,"""Трейс БГ"" ЕООД, гр. София",Тополовград,Тополовград,Хасково,Строителни материали,"Мрамори, мраморизирани варовици и доломити",35 г.,04.05.2001 г.,04.05.2001 г.,146/23.03.2001 г.
489,D-000148,"“Артескос” АД, гр. Пловдив",Ябълково,Димитровград,Хасково,Строителни материали,Трахиандезити,20 г. + 15 г. ,04.05.2001 г.,02.12.1998 г.,207/04.04.2001 г.
490,D-000147,"“Пътстрой 92” АД, гр. София",Ръждавец,Ботевград,София,Строителни материали,Пясъци и чакъли,35 г.,02.05.2001 г.,02.05.2001 г.,164/28.03.2001 г.
491,D-000146,"“Пътстрой 92” АД, гр. София",Годеч,Годеч,София,Строителни материали,Варовици  и доломити,35 г.,02.05.2001 г.,02.05.2001 г.,163/28.03.2001 г.
492,D-000143,"“Огняново – К” АД, гр. София",Огняново,Пазарджик,Пазарджик,Строителни материали,Мрамори,35 г.,25.04.2001 г.,25.04.2001 г.,166/28.03.2001 г.
493,D-000142,"“Огняново – К” АД, гр. София",Огняново – 77,Пазарджик,Пазарджик,Строителни материали,Мрамори,20 г. + 15 г. ,25.04.2001 г.,25.04.2001 г.,147/23.03.2001 г.
494,D-000141,"""Горубсо - Мадан"" АД, гр. Мадан",Петровица,"Златоград, Мадан",Смолян,Метални полезни изкопаеми,Оловно-цинкови руди,8 г. +6 г. +9 г. +15 г.,20.04.2001 г.,27.08.1999 г.,125/14.03.2001 г.
495,D-000140,"""Горубсо - Мадан"" АД, гр. Мадан",Крушев дол,"Златоград, Мадан",Смолян,Метални полезни изкопаеми,Оловно-цинкови руди,35 г.,20.04.2001 г.,27.08.1999 г.,126/14.03.2001 г.
496,D-000134,"""Холсим Кариерни Материали Пловдив"" АД, гр. Пловдив",Ахматово,Садово,Пловдив,Строителни материали,Пясъци,20 г. + 15 г. ,01.02.2001 г.,01.02.2001 г.,910/28.12.2000 г.
497,D-000131,"“Холсим Кариерни Материали Пловдив"" АД, гр. Пловдив",Белащица,Родопи,Пловдив,Строителни материали,Мрамори,20 г.,01.02.2001 г.,01.02.2001 г.,882/22.12.2000 г.
498,D-000126,"""Динас"" АД, гр. Сливен",Струпец,Сливен,Сливен,Неметални полезни изкопаеми - индустриални минерали,Кварцити,35 г.,16.11.2000 г.,16.11.2000 г.,675/18.10.2000 г.
499,D-000122,"""Девня - Варовик"" АД, с. Чернево","Девня, у-к ""Люляката"" и у-к ""Снежно поле югоизток""",Суворово,Варна,Неметални полезни изкопаеми - индустриални минерали,Варовици,35 г.,28.08.2000 г.,03.08.2000 г.,513/19.07.2000 г.
500,O-00206,"""Еве"" ЕООД, гр. София",Срем,Тополовград,Хасково,Строителни материали,Доломитни мрамори,15 г. + 15 г.,25.09.2000 г.,25.09.2000 г.,2/09.06.2000 г. на Общински съвет - Тополовград; РМС № 256/03.05.2017 г. за привеждане в съответствие със ЗПБ
501,D-000121,"”Провадсол” ЕАД, гр. Провадия",Мирово,Провадия,Варна,Неметални полезни изкопаеми - индустриални минерали,Каменна сол,30 г.,28.08.2000 г.,03.08.2000 г.,646/15.10.1999 г.
502,D-000116,"""Жабляно"" ЕАД, с. Жабляно","Жабляно, у-к ""Южен""","Земен, Ковачевци",Перник,Неметални полезни изкопаеми - индустриални минерали,Огнеупорни и керамични глини,35 г.,03.07.2000 г.,04.08.2000  г.,300/29.05.2000 г.
503,D-000112,"""Стоун трейдинг къмпани"" ЕООД гр. София",Върбешница,Мездра,Враца,Скално-облицовъчни материали,Варовици за облицовка,35 г.,18.05.2000 г.,11.03.1999 г.,210/19.04.2000 г.
504,D-000111,"""Стоун трейдинг къмпани"" ЕООД, гр. София",Горна Кремена,Мездра,Враца,Скално-облицовъчни материали,Варовици за облицовка,35 г.,18.05.2000 г.,11.03.1999 г.,209/19.04.2000 г.
505,D-000106,"""Петрокелтик България"" ЕООД, гр. Варна",Галата,,Черно море,Нефт и природен газ,Природен газ,25 г. + 253 дни,16.5.2001 г.,16.5.2001 г.,230/09.04.2001 г.
506,D-000092,"“Вулкан Цимент” АД, гр. Димитровград","Юрт дере, у-к ""Вулкан""",Димитровград,Хасково,Строителни материали,Варовици,20 г. + 15 г. ,23.02.2000 г.,03.02.1999 г.,49/04.02.2000 г.
507,D-000085,"""Лъки Инвест"" АД, гр. Лъки","Говедарника (""Дружба"")",Лъки,Пловдив,Метални полезни изкопаеми,Оловно-цинкови руди,6 г.+5 г. +5 г. +10 г.,04.01.2000 г.,30.06.1999 г.,659/22.10.1999 г.
508,D-000084,"""Каолин"" ЕАД, гр. Сеново","Вятово, у-ци ІV, V, VІІ",Вeтово,Русе,Неметални полезни изкопаеми - индустриални минерали,Каолинова Суровина и кварцови пясъци,17 г. + 10 г.,18.05.1999 г.,12.01.2000 г.,87/17.02.1999 г.
509,D-000083,"""Каолин"" ЕАД, гр. Сеново",Средня,Шумен,Шумен,Неметални полезни изкопаеми - индустриални минерали,Кварц-фелдшпатови пясъци,27 г.,18.05.1999 г.,12.01.2000 г.,94/19.02.1999 г.
510,D-000081,"”Каолин” АД, гр. Сеново",Дъбравино,Аврен,Варна,Неметални полезни изкопаеми - индустриални минерали,Кварцови пясъци,27 г.,18.05.1999 г.,12.01.2000 г.,95/19.02.1999 г.
511,D-000075,"""Горубсо - Кърджали"" АД, гр. Кърджали",Чала,Минерални бани,Хасково,Метални полезни изкопаеми,Оловно-цинкови и злотосъдържащи руди,17 г.+15 г.,16.11.1999 г.,28.06.1999 г.,643/01.10.1999 г.
512,D-000074,"""Елаците - Мед"" АД, с. Мирково",Елаците,"Етрополе, Златица, Мирково, Челопеч, Чавдар",София,Метални полезни изкопаеми,Медно-порфирни златосъдържащи руди,17 г. +5 г. +10 г.,15.11.1999 г.,13.08.1999 г.,594/02.09.1999 г.
513,D-000038,"”Балканстон” ЕООД, гр. София",Искър,Мездра,Враца,Скално-облицовъчни материали,Варовици,35 г.,18.06.1999 г.,24.02.2000 г.,311/11.05.1999 г.
514,D-000036,"”Балканстон” ЕООД, гр. София",Царевец,Мездра,Враца,Скално-облицовъчни материали,Варовици,15 г. + 15 г.,18.06.1999 г.,24.02.2000 г.,310/11.05.1999 г.
515,D-000034,"""Дънди Прешъс Металс Челопеч"" ЕАД, с. Челопеч",Челопеч,Челопеч,София,Метални полезни изкопаеми,Златно-медно-пиритни руди,30 г.,19.05.1999 г.,26.07.1999 г.,147/26.03.1999 г.
516,D-000033,"""Имерис Минералс България"" АД, гр. Кърджали",Счупена планина,Джебел,Кърджали,Неметални полезни изкопаеми - индустриални минерали,Перлит,35 г.,12.05.1999 г.,13.08.1998 г.,175/06.04.1999 г.
517,D-000032,"""Имерис Минералс България"" АД, гр. Кърджали",Пропаст-Доброволец,Кърджали,Кърджали,Неметални полезни изкопаеми - индустриални минерали,Бентонитови глини,35 г.,12.05.1999 г.,13.08.1998 г.,174/06.04.1999 г.
518,D-000031,"""Имерис Минералс България"" АД, гр. Кърджали",Бели пласт,Кърджали,Кърджали,Неметални полезни изкопаеми - индустриални минерали,Клиноптилолитови зеолити,35 г.,12.05.1999 г.,13.08.1998 г.,173/06.04.1999 г.
519,D-000030,"""Имерис Минералс България"" АД, гр. Кърджали",Енчец,Кърджали,Кърджали,Неметални полезни изкопаеми - индустриални минерали,Бели бентонитови глини,35 г.,12.05.1999 г.,13.08.1998 г.,172/06.04.1999 г.
520,D-000016,"""Асарел - Медет"" АД, гр. Панагюрище",Асарел,Панагюрище,Пазарджик,Метални полезни изкопаеми,Медно-пиритни и златосъдържащи руди,26 г. + 15 г.,23.12.1998 г.,07.07.1999 г.,545/12.10.1998 г.
521,D-000004,"“Златна Панега Цимент” АД, с. Златна Панега",Златна Панега,Ябланица,Ловеч,Строителни материали,Варовици и мергели,20 г. + 15 г. ,18.12.1997 г.,28.01.1998 г.,1002/04.12.1997 г.
522,D-000003,"“Златна Панега Цимент” АД, с. Златна Панега",Коритна,Ябланица,Ловеч,Строителни материали,Мергели,20 г. + 15 г. ,18.12.1997 г.,28.01.1998 г.,1001/04.12.1997 г.
523,D-000002,"“Холсим България” АД, с. Бели извор, Враца",Бели извор,Враца,Враца,Строителни материали,Мергели,20 г. + 15 г. ,14.12.1997 г.,23.02.1998  г.,997/04.12.1997 г.
524,D- 00001,"“Холсим България” АД, с. Бели извор, Враца",Лиляче,Враца,Враца,Строителни материали,Варовици,20 г. + 15 г. ,14.12.1997 г.,23.02.1998  г.,998/04.12.1997 г.
